,gpa,act,sat1,test_score,ap_count,ap_mean,sat2_count,sat2_mean,urm,first_generation,ec_count,decision,gender_F,gender_M,school_brown,school_columbia,school_cornell,school_dukeres,school_harvard,school_mitres,school_penn,school_princeton,school_stanford,school_uchicago,school_yale,test_type_act,test_type_sat,ethnicity_african,ethnicity_asian,ethnicity_caucasian,ethnicity_hispanic,ethnicity_indian,ethnicity_urm,country_US,country_international
2646,3.81,32.0,2237.40362087,2120,9.0,4.33333333333,0.0,757.780283204,1,0,2,1,1,0,0,0,0,0,0,0,1,0,0,0,0,1,0,1,0,0,0,0,0,1,0
2647,3.9,33.3991698374,2360.0,2360,9.0,4.22222222222,3.0,793.333333333,0,0,2,0,0,1,0,0,0,0,0,0,1,0,0,0,0,0,1,0,1,0,0,0,0,1,0
2648,3.9,33.3991698374,2360.0,2360,9.0,4.55555555556,3.0,766.666666667,0,0,4,1,0,0,0,0,0,0,0,0,1,0,0,0,0,0,1,0,0,1,0,0,0,1,0
2649,3.99,34.0,2240.0,2250,5.0,5.0,3.0,783.333333333,0,0,0,1,0,1,0,0,0,0,0,0,1,0,0,0,0,1,0,0,0,1,0,0,0,1,0
2652,3.87,35.0,2237.40362087,2330,2.0,4.0,2.0,780.0,0,0,0,0,0,1,0,0,0,0,0,0,1,0,0,0,0,1,0,0,1,0,0,0,0,1,0
2654,3.96,34.0,2237.40362087,2250,10.0,4.3,3.0,790.0,0,0,5,1,0,1,0,0,0,0,0,0,1,0,0,0,0,1,0,0,1,0,0,0,0,1,0
2656,3.98,36.0,2237.40362087,2390,7.0,4.28571428571,3.0,773.333333333,0,0,0,1,0,1,0,0,0,0,0,0,1,0,0,0,0,1,0,0,0,1,0,0,0,1,0
2657,3.8795,35.0,2237.40362087,2330,4.0,4.0,0.0,757.780283204,1,0,1,1,1,0,0,0,0,0,0,0,1,0,0,0,0,1,0,1,0,0,0,0,0,1,0
2658,3.86143710629,33.0,2237.40362087,2180,1.0,5.0,0.0,757.780283204,0,0,1,1,1,0,0,0,0,0,0,0,1,0,0,0,0,1,0,0,0,1,0,0,0,1,0
2659,3.86143710629,33.3991698374,2300.0,2300,0.0,4.45675812368,1.0,800.0,0,0,0,0,0,1,0,0,0,0,0,0,1,0,0,0,0,0,1,0,0,1,0,0,0,1,0
2660,3.86143710629,32.0,2237.40362087,2120,4.0,4.25,0.0,757.780283204,0,0,2,1,1,0,0,0,0,0,0,0,1,0,0,0,0,1,0,0,0,1,0,0,0,1,0
2661,3.86143710629,33.3991698374,2210.0,2210,0.0,4.45675812368,2.0,730.0,0,0,2,1,1,0,0,0,0,0,0,0,1,0,0,0,0,0,1,0,0,0,0,1,0,1,0
2662,4.0,32.0,2237.40362087,2120,6.0,4.0,2.0,735.0,1,0,1,1,1,0,0,0,0,0,0,0,1,0,0,0,0,1,0,1,0,0,0,0,0,1,0
2663,4.0,35.0,2237.40362087,2330,4.0,5.0,2.0,800.0,0,0,2,0,1,0,0,0,0,0,0,0,1,0,0,0,0,1,0,0,1,0,0,0,0,1,0
2664,3.86143710629,35.0,2237.40362087,2330,0.0,4.45675812368,2.0,800.0,0,0,0,1,0,1,0,0,0,0,0,0,1,0,0,0,0,1,0,0,0,0,0,0,0,1,0
2665,3.85,33.0,2090.0,2180,7.0,4.42857142857,3.0,753.333333333,1,0,1,1,0,1,0,0,0,0,0,0,1,0,0,0,0,1,0,0,0,0,1,0,0,1,0
2667,4.0,33.0,2237.40362087,2180,6.0,4.0,1.0,800.0,0,0,0,0,0,1,0,0,0,0,0,0,1,0,0,0,0,1,0,0,0,1,0,0,0,1,0
2669,3.9,36.0,2237.40362087,2390,2.0,4.45675812368,3.0,760.0,1,0,0,0,0,1,0,0,0,0,0,0,1,0,0,0,0,1,0,0,0,0,1,0,0,1,0
2670,3.88,35.0,2237.40362087,2330,0.0,4.45675812368,2.0,750.0,0,0,0,1,0,1,0,0,0,0,0,0,1,0,0,0,0,1,0,0,1,0,0,0,0,1,0
2671,3.4,27.0,2237.40362087,1820,0.0,4.45675812368,0.0,757.780283204,1,0,0,0,0,1,0,0,0,0,0,0,1,0,0,0,0,1,0,0,0,0,1,0,0,1,0
2672,3.8,33.3991698374,2200.0,2200,0.0,4.45675812368,2.0,755.0,0,0,3,1,0,1,0,0,0,0,0,0,1,0,0,0,0,0,1,0,1,0,0,0,0,1,0
2675,3.96,33.3991698374,2340.0,2340,1.0,4.45675812368,3.0,776.666666667,0,0,2,1,1,0,0,0,0,0,0,0,1,0,0,0,0,0,1,0,1,0,0,0,0,1,0
2676,3.96,33.3991698374,2170.0,2170,0.0,4.45675812368,2.0,705.0,0,0,0,1,1,0,0,0,0,0,0,0,1,0,0,0,0,0,1,0,0,1,0,0,0,1,0
2677,3.98,34.0,2237.40362087,2250,0.0,4.45675812368,1.0,760.0,0,0,0,0,0,1,0,0,0,0,0,0,1,0,0,0,0,1,0,0,1,0,0,0,0,1,0
2678,3.58,36.0,2237.40362087,2390,5.0,3.4,0.0,757.780283204,0,0,2,0,1,0,0,0,0,0,0,0,1,0,0,0,0,1,0,0,0,1,0,0,0,1,0
2680,3.83,34.0,2237.40362087,2250,1.0,4.0,0.0,757.780283204,0,0,0,0,0,1,0,0,0,0,0,0,1,0,0,0,0,1,0,0,0,1,0,0,0,1,0
2682,3.96,35.0,2237.40362087,2330,2.0,5.0,3.0,723.333333333,0,0,1,1,1,0,0,0,0,0,0,0,1,0,0,0,0,1,0,0,0,1,0,0,0,1,0
2683,3.83,33.0,2237.40362087,2180,2.0,4.0,0.0,757.780283204,0,1,1,1,1,0,0,0,0,0,0,0,1,0,0,0,0,1,0,0,0,1,0,0,0,1,0
2685,3.984,33.0,2237.40362087,2180,0.0,4.45675812368,1.0,800.0,0,0,1,1,1,0,0,0,0,0,0,0,1,0,0,0,0,1,0,0,0,0,0,0,0,1,0
2686,4.0,36.0,2350.0,2390,2.0,4.5,4.0,757.5,1,0,0,1,0,1,0,0,0,0,0,0,1,0,0,0,0,1,0,0,0,0,1,0,0,1,0
2687,4.0,35.0,2237.40362087,2330,4.0,4.75,2.0,760.0,0,1,0,1,0,1,0,0,0,0,0,0,1,0,0,0,0,1,0,0,1,0,0,0,0,1,0
2689,3.8,35.0,2237.40362087,2330,2.0,4.45675812368,2.0,755.0,1,0,2,1,1,0,0,0,0,0,0,0,1,0,0,0,0,1,0,0,0,0,1,0,0,1,0
2692,4.0,33.3991698374,2330.0,2330,3.0,5.0,3.0,783.333333333,1,1,2,0,0,1,0,0,0,0,0,0,1,0,0,0,0,0,1,0,1,0,0,0,0,1,0
2693,3.87,35.0,2237.40362087,2330,4.0,4.75,3.0,753.333333333,0,0,1,1,0,1,0,0,0,0,0,0,1,0,0,0,0,1,0,0,0,1,0,0,0,1,0
2694,3.87,33.3991698374,2400.0,2400,8.0,4.625,3.0,800.0,0,0,1,1,1,0,0,0,0,0,0,0,1,0,0,0,0,0,1,0,1,0,0,0,0,1,0
2695,4.0,35.0,2237.40362087,2330,7.0,4.14285714286,4.0,740.0,0,0,1,0,1,0,0,0,0,0,0,0,1,0,0,0,0,1,0,0,1,0,0,0,0,1,0
2697,3.86,33.0,2237.40362087,2180,9.0,4.11111111111,0.0,757.780283204,0,0,2,0,1,0,0,0,0,0,0,0,1,0,0,0,0,1,0,0,1,0,0,0,0,1,0
2699,3.86143710629,35.0,2230.0,2330,2.0,4.5,4.0,770.0,0,0,0,1,1,0,0,0,0,0,0,0,1,0,0,0,0,1,0,0,0,0,0,0,0,1,0
2700,3.98,35.0,2237.40362087,2330,4.0,4.25,2.0,740.0,0,0,1,1,0,1,0,0,0,0,0,0,1,0,0,0,0,1,0,0,0,1,0,0,0,1,0
2702,3.75,35.0,2237.40362087,2330,2.0,4.5,2.0,800.0,0,0,1,1,1,0,0,0,0,0,0,0,1,0,0,0,0,1,0,0,0,1,0,0,0,1,0
2704,4.0,36.0,2237.40362087,2390,3.0,3.33333333333,1.0,780.0,0,0,3,1,1,0,0,0,0,0,0,0,1,0,0,0,0,1,0,0,1,0,0,0,0,1,0
2706,3.91,34.0,2237.40362087,2250,4.0,4.25,2.0,795.0,0,0,0,1,0,1,0,0,0,0,0,0,1,0,0,0,0,1,0,0,1,0,0,0,0,1,0
2707,4.0,1.0,2290.0,2290,10.0,4.4,2.0,720.0,0,0,2,0,0,1,0,0,0,0,0,0,1,0,0,0,0,0,1,0,1,0,0,0,0,1,0
2708,3.0,33.3991698374,2240.0,2240,0.0,4.45675812368,2.0,790.0,0,0,1,1,0,1,0,0,0,0,0,0,1,0,0,0,0,0,1,0,0,1,0,0,0,1,0
2710,3.5,35.0,2130.0,2330,2.0,4.5,2.0,785.0,0,0,2,1,0,1,0,0,0,0,0,0,1,0,0,0,0,1,0,0,1,0,0,0,0,1,0
2711,4.0,30.0,2237.40362087,2000,5.0,5.0,2.0,705.0,1,1,0,1,1,0,0,0,0,0,0,0,1,0,0,0,0,1,0,0,0,0,1,0,0,1,0
2713,4.0,33.0,2237.40362087,2180,8.0,4.45675812368,2.0,740.0,1,1,3,0,1,0,0,0,0,0,0,0,1,0,0,0,0,1,0,0,0,0,1,0,0,1,0
2714,4.0,35.0,2220.0,2330,0.0,4.45675812368,2.0,800.0,0,0,1,1,0,1,0,0,0,0,0,0,1,0,0,0,0,1,0,0,1,0,0,0,0,1,0
2715,3.07,35.0,2237.40362087,2330,3.0,5.0,3.0,790.0,0,0,0,1,0,1,0,0,0,0,0,0,1,0,0,0,0,1,0,0,1,0,0,0,0,1,0
2716,3.8,35.0,2237.40362087,2330,3.0,4.33333333333,1.0,770.0,0,0,2,0,1,0,0,0,0,0,0,0,1,0,0,0,0,1,0,0,0,1,0,0,0,1,0
2717,3.02,33.0,2237.40362087,2180,3.0,4.0,2.0,725.0,1,1,2,0,0,1,0,0,0,0,0,0,1,0,0,0,0,1,0,0,0,0,0,0,0,1,0
2718,3.91,35.0,2237.40362087,2330,0.0,4.45675812368,3.0,773.333333333,0,0,1,1,0,0,0,0,0,0,0,0,1,0,0,0,0,1,0,0,0,0,0,0,0,1,0
2719,3.91,35.0,2237.40362087,2330,0.0,4.45675812368,3.0,773.333333333,0,0,1,1,0,1,0,0,0,0,0,0,1,0,0,0,0,1,0,0,0,0,0,0,0,1,0
2720,3.76,34.0,2237.40362087,2250,2.0,2.0,0.0,757.780283204,0,0,3,1,1,0,0,0,0,0,0,0,1,0,0,0,0,1,0,0,1,0,0,0,0,1,0
2721,4.0,34.0,2237.40362087,2250,9.0,4.77777777778,2.0,790.0,0,0,0,1,0,1,0,0,0,0,0,0,1,0,0,0,0,1,0,0,1,0,0,0,0,1,0
2722,3.98,32.0,2237.40362087,2120,2.0,4.0,0.0,757.780283204,0,0,3,1,1,0,0,0,0,0,0,0,1,0,0,0,0,1,0,0,0,1,0,0,0,1,0
2725,4.0,33.3991698374,2390.0,2390,7.0,4.28571428571,2.0,745.0,0,0,3,0,1,0,0,0,0,0,0,0,1,0,0,0,0,0,1,0,1,0,0,0,0,1,0
2726,4.0,33.3991698374,2280.0,2280,4.0,4.5,3.0,676.666666667,0,0,1,1,1,0,0,0,0,0,0,0,1,0,0,0,0,0,1,0,1,0,0,0,0,1,0
2727,4.0,33.3991698374,2110.0,2110,2.0,4.45675812368,3.0,736.666666667,0,0,2,1,0,0,0,0,0,0,0,0,1,0,0,0,0,0,1,0,1,0,0,0,0,1,0
2728,3.99,35.0,2280.0,2330,1.0,5.0,2.0,790.0,0,0,1,0,0,1,0,0,0,0,0,0,1,0,0,0,0,1,0,0,1,0,0,0,0,1,0
2729,3.917,33.3991698374,2240.0,2240,7.0,3.85714285714,3.0,773.333333333,0,0,2,1,0,1,0,0,0,0,0,0,1,0,0,0,0,0,1,0,1,0,0,0,0,1,0
2733,3.95,35.0,2237.40362087,2330,1.0,5.0,2.0,785.0,0,0,3,0,0,1,0,0,0,0,0,0,1,0,0,0,0,1,0,0,1,0,0,0,0,1,0
2734,3.72,28.0,2237.40362087,1880,6.0,4.33333333333,2.0,745.0,1,0,2,1,0,1,0,0,0,0,0,0,1,0,0,0,0,1,0,0,0,0,1,0,0,1,0
2735,3.85,33.3991698374,2020.0,2020,6.0,3.83333333333,2.0,645.0,0,0,4,1,1,0,0,0,0,0,0,0,1,0,0,0,0,0,1,0,0,1,0,0,0,1,0
2736,4.0,34.0,2237.40362087,2250,5.0,4.8,3.0,690.0,0,0,1,0,1,0,0,0,0,0,0,0,1,0,0,0,0,1,0,0,0,1,0,0,0,1,0
2737,3.944,33.3991698374,2320.0,2320,7.0,4.28571428571,3.0,746.666666667,0,0,0,0,0,1,0,0,0,0,0,0,1,0,0,0,0,0,1,0,1,0,0,0,0,1,0
2738,3.85,32.0,2237.40362087,2120,3.0,4.33333333333,2.0,730.0,0,0,0,1,1,0,0,0,0,0,0,0,1,0,0,0,0,1,0,0,1,0,0,0,0,1,0
2740,3.92,35.0,2237.40362087,2330,1.0,5.0,1.0,800.0,0,0,1,1,0,1,0,0,0,0,0,0,1,0,0,0,0,1,0,0,1,0,0,0,0,1,0
2744,4.0,33.3991698374,2360.0,2360,1.0,5.0,2.0,770.0,1,0,4,1,0,1,0,0,0,0,0,0,1,0,0,0,0,0,1,0,0,0,1,0,0,1,0
2745,3.86143710629,33.3991698374,2260.0,2260,0.0,4.45675812368,1.0,757.780283204,0,0,0,0,0,1,0,0,0,0,0,0,1,0,0,0,0,0,1,0,0,0,0,0,0,1,0
2746,4.0,33.3991698374,2130.0,2130,2.0,4.5,3.0,630.0,0,1,2,1,0,1,0,0,0,0,0,0,1,0,0,0,0,0,1,0,0,1,0,0,0,1,0
2748,4.0,35.0,2180.0,2330,1.0,5.0,3.0,776.666666667,0,1,2,0,0,1,0,0,0,0,0,0,1,0,0,0,0,1,0,0,1,0,0,0,0,1,0
2749,4.0,33.0,2340.0,2340,9.0,4.77777777778,3.0,800.0,0,0,0,1,0,1,0,0,0,0,0,0,1,0,0,0,0,0,1,0,1,0,0,0,0,1,0
2752,3.9,33.3991698374,2030.0,2030,3.0,4.33333333333,2.0,705.0,0,0,1,1,0,1,0,0,0,0,0,0,1,0,0,0,0,0,1,0,0,1,0,0,0,1,0
2753,3.98,32.0,2237.40362087,2120,0.0,4.45675812368,0.0,757.780283204,0,0,0,1,0,1,0,0,0,0,0,0,1,0,0,0,0,1,0,0,0,1,0,0,0,1,0
2754,3.88,34.0,2040.0,2250,5.0,4.2,2.0,680.0,1,0,1,0,0,1,0,0,0,0,0,0,1,0,0,0,0,1,0,1,0,0,0,0,0,1,0
2755,3.6,33.3991698374,2300.0,2300,6.0,5.0,2.0,800.0,0,0,1,1,0,1,0,0,0,0,0,0,1,0,0,0,0,0,1,0,0,0,0,0,0,1,0
2756,3.7,33.3991698374,2370.0,2370,2.0,4.5,4.0,737.5,0,0,4,1,1,0,0,0,0,0,0,0,1,0,0,0,0,0,1,0,1,0,0,0,0,1,0
2757,4.0,36.0,2237.40362087,2390,1.0,5.0,3.0,770.0,0,0,3,1,0,1,0,0,0,0,0,0,1,0,0,0,0,1,0,0,0,0,0,1,0,1,0
2759,3.97,35.0,2237.40362087,2330,0.0,4.45675812368,2.0,755.0,0,0,2,1,0,1,0,0,0,0,0,0,1,0,0,0,0,1,0,0,0,1,0,0,0,1,0
2760,3.6,35.0,2237.40362087,2330,9.0,4.11111111111,2.0,770.0,0,0,2,0,0,1,0,0,0,0,0,0,1,0,0,0,0,1,0,0,0,0,0,0,0,1,0
2761,3.89,35.0,2380.0,2380,2.0,4.5,3.0,770.0,0,0,0,1,0,1,0,0,0,0,0,0,1,0,0,0,0,0,1,0,0,1,0,0,0,1,0
2762,4.0,35.0,2330.0,2330,1.0,5.0,3.0,776.666666667,0,0,3,0,0,0,0,0,0,0,0,0,1,0,0,0,0,1,0,0,0,1,0,0,0,1,0
2764,4.0,33.3991698374,2200.0,2200,5.0,3.6,3.0,760.0,0,0,1,0,0,1,0,0,0,0,0,0,1,0,0,0,0,0,1,0,0,1,0,0,0,1,0
2765,4.0,35.0,2290.0,2330,7.0,4.57142857143,3.0,776.666666667,0,0,4,1,0,1,0,0,0,0,0,0,1,0,0,0,0,1,0,0,1,0,0,0,0,1,0
2766,3.8,34.0,2050.0,2250,0.0,4.45675812368,2.0,650.0,0,0,0,0,1,0,0,0,0,0,0,0,1,0,0,0,0,1,0,0,0,1,0,0,0,1,0
2767,3.86143710629,33.0,2020.0,2180,12.0,3.83333333333,3.0,696.666666667,0,0,0,0,0,1,0,0,0,0,0,0,1,0,0,0,0,1,0,0,0,1,0,0,0,1,0
2768,3.9,35.0,2130.0,2330,4.0,4.5,2.0,735.0,0,0,1,1,0,1,0,0,0,0,0,0,1,0,0,0,0,1,0,0,1,0,0,0,0,1,0
2769,3.86143710629,33.3991698374,2050.0,2050,0.0,4.45675812368,2.0,765.0,0,0,1,0,1,0,0,0,0,0,0,0,1,0,0,0,0,0,1,0,0,1,0,0,0,0,1
2770,3.7,33.3991698374,2370.0,2370,3.0,4.66666666667,3.0,760.0,0,0,3,0,1,0,0,0,0,0,0,0,1,0,0,0,0,0,1,0,1,0,0,0,0,1,0
2771,3.9,35.0,2130.0,2330,4.0,4.5,2.0,735.0,0,0,1,1,0,1,0,0,0,0,0,0,1,0,0,0,0,1,0,0,1,0,0,0,0,1,0
2772,4.0,33.3991698374,2360.0,2360,5.0,4.2,2.0,795.0,0,0,2,1,0,1,0,0,0,0,0,0,1,0,0,0,0,0,1,0,1,0,0,0,0,1,0
2773,3.94,33.0,2237.40362087,2180,2.0,4.5,2.0,755.0,0,0,4,1,1,0,0,0,0,0,0,0,1,0,0,0,0,1,0,0,0,1,0,0,0,1,0
2774,4.0,30.0,1780.0,2000,3.0,4.0,3.0,683.333333333,1,0,1,1,1,0,0,0,0,0,0,0,1,0,0,0,0,1,0,1,0,0,0,0,0,1,0
2776,3.15,36.0,2340.0,2390,1.0,5.0,3.0,783.333333333,0,0,3,0,0,0,0,0,0,0,0,0,1,0,0,0,0,1,0,0,0,0,0,1,0,1,0
2777,3.92,34.0,2237.40362087,2250,3.0,5.0,3.0,680.0,1,0,0,1,0,1,0,0,0,0,0,0,1,0,0,0,0,1,0,0,0,1,0,0,0,1,0
2778,3.86143710629,33.3991698374,2230.0,2230,2.0,5.0,2.0,710.0,0,0,2,0,0,1,0,0,0,0,0,0,1,0,0,0,0,0,1,0,0,1,0,0,0,1,0
2779,3.95,33.3991698374,2400.0,2400,7.0,4.71428571429,2.0,800.0,0,1,3,0,0,1,0,0,0,0,0,0,1,0,0,0,0,0,1,0,1,0,0,0,0,1,0
2780,3.84,33.0,1890.0,2180,3.0,3.33333333333,2.0,770.0,1,0,0,0,1,0,0,0,0,0,0,0,1,0,0,0,0,1,0,1,0,0,0,0,0,1,0
2781,3.991,33.3991698374,2310.0,2310,8.0,4.75,2.0,800.0,0,0,1,1,1,0,0,0,0,0,0,0,1,0,0,0,0,0,1,0,1,0,0,0,0,1,0
2783,3.72,33.3991698374,2280.0,2280,1.0,4.45675812368,2.0,780.0,0,0,1,1,0,1,0,0,0,0,0,0,1,0,0,0,0,0,1,0,1,0,0,0,0,1,0
2784,3.875,34.0,2240.0,2250,3.0,4.0,2.0,775.0,0,1,2,1,0,1,0,0,0,0,0,0,1,0,0,0,0,1,0,0,1,0,0,0,0,1,0
2786,3.97,33.3991698374,2250.0,2250,1.0,5.0,3.0,770.0,0,0,1,1,0,1,0,0,0,0,0,0,1,0,0,0,0,0,1,0,1,0,0,0,0,1,0
2787,4.0,34.0,2310.0,2310,5.0,4.8,2.0,750.0,0,0,1,1,1,0,0,0,0,0,0,0,1,0,0,0,0,0,1,0,1,0,0,0,0,1,0
2788,4.0,35.0,2220.0,2330,1.0,5.0,3.0,800.0,0,0,3,0,0,1,0,0,0,0,0,0,1,0,0,0,0,1,0,0,0,0,0,1,0,1,0
2789,4.1631,33.3991698374,2350.0,2350,0.0,4.45675812368,3.0,793.333333333,0,0,2,1,1,0,0,0,0,0,0,0,1,0,0,0,0,0,1,0,1,0,0,0,0,1,0
2791,4.0,32.0,2237.40362087,2120,0.0,4.45675812368,0.0,757.780283204,0,0,1,0,0,1,0,0,0,0,0,0,1,0,0,0,0,1,0,0,1,0,0,0,0,1,0
2792,3.96,33.3991698374,2400.0,2400,6.0,5.0,3.0,770.0,0,0,4,1,1,0,0,0,0,0,0,0,1,0,0,0,0,0,1,0,0,1,0,0,0,1,0
2793,3.805,31.0,2237.40362087,2060,4.0,4.25,0.0,757.780283204,1,0,1,1,1,0,0,0,0,0,0,0,1,0,0,0,0,1,0,1,0,0,0,0,0,1,0
2794,3.92,36.0,2370.0,2390,6.0,2.5,4.0,770.0,1,0,1,1,0,1,0,0,0,0,0,0,1,0,0,0,0,1,0,0,0,0,1,0,0,1,0
2795,3.875,33.0,2280.0,2280,2.0,2.5,3.0,706.666666667,0,1,0,1,1,0,0,0,0,0,0,0,1,0,0,0,0,0,1,0,0,1,0,0,0,1,0
2796,3.74,34.0,2300.0,2300,4.0,4.75,3.0,770.0,0,0,0,0,0,1,0,0,0,0,0,0,1,0,0,0,0,0,1,0,1,0,0,0,0,1,0
2798,3.8,36.0,2360.0,2390,14.0,4.45675812368,2.0,765.0,0,0,3,1,0,1,0,0,0,0,0,0,1,0,0,0,0,1,0,0,1,0,0,0,0,1,0
2799,4.0,34.0,2090.0,2250,7.0,4.85714285714,2.0,795.0,0,0,2,1,1,0,0,0,0,0,0,0,1,0,0,0,0,1,0,0,0,1,0,0,0,1,0
2800,3.83,33.3991698374,2270.0,2270,2.0,5.0,5.0,696.0,1,1,1,1,1,0,0,0,0,0,0,0,1,0,0,0,0,0,1,1,0,0,0,0,0,1,0
2802,3.73,35.0,2237.40362087,2330,4.0,4.5,2.0,685.0,0,0,3,0,0,1,0,0,0,0,0,0,1,0,0,0,0,1,0,0,1,0,0,0,0,1,0
2803,4.0,35.0,2210.0,2330,3.0,5.0,3.0,786.666666667,1,0,2,1,0,1,0,0,0,0,0,0,1,0,0,0,0,1,0,0,0,0,1,0,0,1,0
2804,3.97,33.0,2140.0,2180,4.0,4.25,2.0,735.0,0,0,1,0,0,1,0,0,0,0,0,0,1,0,0,0,0,1,0,0,1,0,0,0,0,1,0
2806,3.9,33.3991698374,2290.0,2290,9.0,4.11111111111,2.0,700.0,1,0,2,1,0,1,0,0,0,0,0,0,1,0,0,0,0,0,1,0,0,0,1,0,0,1,0
2807,3.86,36.0,2237.40362087,2390,1.0,4.45675812368,2.0,795.0,0,0,4,1,0,1,0,0,0,0,0,0,1,0,0,0,0,1,0,0,0,0,0,1,0,1,0
2808,3.77,36.0,2260.0,2390,3.0,4.0,2.0,780.0,0,0,0,0,0,1,0,0,0,0,0,0,1,0,0,0,0,1,0,0,1,0,0,0,0,1,0
2809,3.51,33.3991698374,2320.0,2320,4.0,4.75,2.0,795.0,0,0,3,0,1,0,0,0,0,0,0,0,1,0,0,0,0,0,1,0,1,0,0,0,0,1,0
2810,3.76,34.0,2100.0,2250,5.0,4.2,3.0,706.666666667,1,0,0,1,0,1,0,0,0,0,0,0,1,0,0,0,0,1,0,1,0,0,0,0,0,1,0
2811,3.86143710629,33.3991698374,1970.0,1970,4.0,3.75,2.0,705.0,1,0,4,1,0,1,0,0,0,0,0,0,1,0,0,0,0,0,1,0,0,0,1,0,0,1,0
2812,3.92,32.0,1930.0,2120,0.0,4.45675812368,0.0,757.780283204,0,0,0,0,1,0,0,0,0,0,0,0,1,0,0,0,0,1,0,0,1,0,0,0,0,1,0
2814,4.0,33.3991698374,2230.0,2230,3.0,5.0,4.0,790.0,0,0,1,1,1,0,0,0,0,0,0,0,1,0,0,0,0,0,1,0,1,0,0,0,0,1,0
2815,3.98,33.3991698374,2320.0,2320,6.0,4.83333333333,3.0,780.0,0,0,2,1,1,0,0,0,0,0,0,0,1,0,0,0,0,0,1,0,0,1,0,0,0,1,0
2816,4.0,35.0,2237.40362087,2330,8.0,4.375,2.0,800.0,0,0,3,1,0,1,0,0,0,0,0,0,1,0,0,0,0,1,0,0,1,0,0,0,0,1,0
2817,3.5,33.3991698374,2250.0,2250,2.0,4.5,3.0,720.0,1,0,4,1,1,0,0,0,0,0,0,0,1,0,0,0,0,0,1,1,0,0,0,0,0,1,0
2818,3.8,31.0,2280.0,2280,3.0,4.66666666667,3.0,703.333333333,0,0,1,1,1,0,0,0,0,0,0,0,1,0,0,0,0,0,1,0,0,1,0,0,0,1,0
2819,4.0,35.0,2170.0,2330,5.0,4.4,3.0,773.333333333,0,0,3,1,0,1,0,0,0,0,0,0,1,0,0,0,0,1,0,0,0,1,0,0,0,1,0
2820,3.65,32.0,2237.40362087,2120,6.0,3.66666666667,0.0,757.780283204,0,0,0,0,0,1,0,0,0,0,0,0,1,0,0,0,0,1,0,0,0,1,0,0,0,1,0
2823,3.88,33.0,2237.40362087,2180,3.0,5.0,1.0,800.0,1,0,4,1,0,1,0,0,0,0,0,0,1,0,0,0,0,1,0,1,0,0,0,0,0,1,0
2824,3.75,30.0,2160.0,2160,4.0,3.5,2.0,705.0,0,0,2,1,0,1,0,0,0,0,0,0,1,0,0,0,0,0,1,0,0,1,0,0,0,0,1
2825,3.84,33.3991698374,2400.0,2400,6.0,4.83333333333,3.0,790.0,0,0,3,1,0,1,0,0,0,0,0,0,1,0,0,0,0,0,1,0,0,0,0,1,0,1,0
2826,3.869,36.0,2150.0,2390,6.0,4.83333333333,2.0,795.0,0,0,2,0,1,0,0,0,0,0,0,0,1,0,0,0,0,1,0,0,1,0,0,0,0,1,0
2827,4.0,33.0,2140.0,2180,2.0,3.5,2.0,695.0,0,0,2,0,1,0,0,0,0,0,0,0,1,0,0,0,0,1,0,0,0,1,0,0,0,1,0
2828,3.9,34.0,2340.0,2340,5.0,4.2,3.0,786.666666667,0,0,0,0,1,0,0,0,0,0,0,0,1,0,0,0,0,0,1,0,1,0,0,0,0,1,0
2829,3.78,34.0,2237.40362087,2250,9.0,3.88888888889,4.0,780.0,0,0,3,0,1,0,0,0,0,0,0,0,1,0,0,0,0,1,0,0,1,0,0,0,0,1,0
2830,3.7,33.3991698374,2280.0,2280,6.0,4.0,5.0,778.0,0,0,0,0,0,1,0,0,0,0,0,0,1,0,0,0,0,0,1,0,0,1,0,0,0,1,0
2831,4.0,33.3991698374,2360.0,2360,7.0,4.85714285714,4.0,772.5,0,0,1,1,1,0,0,0,0,0,0,0,1,0,0,0,0,0,1,0,1,0,0,0,0,1,0
2832,4.0,32.0,2237.40362087,2120,0.0,4.45675812368,3.0,660.0,0,1,1,1,1,0,0,0,0,0,0,0,1,0,0,0,0,1,0,0,1,0,0,0,0,1,0
2834,4.0,33.3991698374,2270.0,2270,8.0,4.625,3.0,786.666666667,0,0,4,0,0,1,0,0,0,0,0,0,1,0,0,0,0,0,1,0,0,0,0,1,0,1,0
2835,3.86143710629,33.3991698374,2270.0,2270,0.0,4.45675812368,3.0,743.333333333,0,0,0,1,0,1,0,0,0,0,0,0,1,0,0,0,0,0,1,0,1,0,0,0,0,1,0
2836,3.84,33.0,1890.0,2180,3.0,3.33333333333,2.0,770.0,1,0,0,1,1,0,0,0,0,0,0,0,1,0,0,0,0,1,0,1,0,0,0,0,0,1,0
2837,3.3,33.3991698374,2300.0,2300,7.0,4.85714285714,1.0,800.0,0,0,2,1,0,1,0,0,0,0,0,0,1,0,0,0,0,0,1,0,1,0,0,0,0,1,0
2839,3.89,35.0,2237.40362087,2330,0.0,4.45675812368,2.0,765.0,1,0,0,1,0,1,0,0,0,0,0,0,1,0,0,0,0,1,0,0,0,0,1,0,0,1,0
2840,3.97,34.0,2237.40362087,2250,9.0,4.44444444444,3.0,763.333333333,0,0,1,1,1,0,0,0,0,0,0,0,1,0,0,0,0,1,0,0,1,0,0,0,0,1,0
2842,4.0,34.0,2290.0,2290,3.0,4.33333333333,3.0,746.666666667,1,0,2,1,0,1,0,0,0,0,0,0,1,0,0,0,0,0,1,1,0,0,0,0,0,1,0
2843,3.98,31.0,2030.0,2060,4.0,4.75,4.0,685.0,1,0,2,1,1,0,0,0,0,0,0,0,1,0,0,0,0,1,0,0,0,0,1,0,0,1,0
2844,3.95,33.3991698374,2380.0,2380,4.0,4.25,2.0,770.0,1,0,4,1,1,0,0,0,0,0,0,0,1,0,0,0,0,0,1,1,0,0,0,0,0,1,0
2845,4.0,33.3991698374,2240.0,2240,9.0,4.45675812368,2.0,800.0,0,0,0,1,0,1,0,0,0,0,0,0,1,0,0,0,0,0,1,0,0,1,0,0,0,1,0
2846,3.41,36.0,2380.0,2390,2.0,4.5,3.0,776.666666667,0,0,4,1,0,0,0,0,0,0,0,0,1,0,0,0,0,1,0,0,0,1,0,0,0,1,0
2847,4.02,33.3991698374,2100.0,2100,3.0,4.66666666667,3.0,733.333333333,1,0,2,1,1,0,0,0,0,0,0,0,1,0,0,0,0,0,1,1,0,0,0,0,0,1,0
2848,3.75,33.3991698374,2260.0,2260,2.0,4.5,4.0,685.0,0,0,1,0,0,1,0,0,0,0,0,0,1,0,0,0,0,0,1,0,0,1,0,0,0,1,0
2849,3.75,33.3991698374,2320.0,2320,5.0,5.0,3.0,800.0,0,0,0,1,1,0,0,0,0,0,0,0,1,0,0,0,0,0,1,0,1,0,0,0,0,1,0
2850,3.795,33.3991698374,2200.0,2200,1.0,5.0,3.0,783.333333333,0,0,1,1,1,0,0,0,0,0,0,0,1,0,0,0,0,0,1,0,0,1,0,0,0,1,0
2851,3.86143710629,33.3991698374,2330.0,2330,0.0,4.45675812368,2.0,760.0,0,0,1,1,1,0,0,0,0,0,0,0,1,0,0,0,0,0,1,0,1,0,0,0,0,1,0
2852,4.0,33.3991698374,2330.0,2330,4.0,5.0,3.0,800.0,0,0,1,1,0,1,0,0,0,0,0,0,1,0,0,0,0,0,1,0,0,1,0,0,0,1,0
2853,3.96,33.0,2237.40362087,2180,6.0,3.83333333333,0.0,757.780283204,0,0,2,1,0,1,0,0,0,0,0,0,1,0,0,0,0,1,0,0,0,1,0,0,0,1,0
2854,4.0,33.3991698374,2230.0,2230,6.0,4.33333333333,2.0,740.0,0,1,1,1,1,0,0,0,0,0,0,0,1,0,0,0,0,0,1,0,0,0,0,0,0,1,0
2855,3.86143710629,35.0,2237.40362087,2330,0.0,4.45675812368,2.0,740.0,0,0,0,0,0,1,0,0,0,0,0,0,1,0,0,0,0,1,0,0,1,0,0,0,0,1,0
2856,3.95,33.3991698374,2150.0,2150,0.0,4.45675812368,4.0,785.0,0,0,0,1,1,0,0,0,0,0,0,0,1,0,0,0,0,0,1,0,0,1,0,0,0,1,0
2858,4.0,35.0,2240.0,2330,9.0,4.55555555556,3.0,776.666666667,0,0,2,1,0,1,0,0,0,0,0,0,1,0,0,0,0,1,0,0,1,0,0,0,0,1,0
2859,3.15,33.3991698374,2370.0,2370,2.0,4.0,4.0,742.5,0,0,1,1,1,0,0,0,0,0,0,0,1,0,0,0,0,0,1,0,0,1,0,0,0,1,0
2860,3.82,33.3991698374,2280.0,2280,2.0,5.0,3.0,770.0,0,0,1,0,0,1,0,0,0,0,0,0,1,0,0,0,0,0,1,0,0,1,0,0,0,1,0
2861,3.86,33.0,2237.40362087,2180,0.0,4.45675812368,2.0,705.0,0,0,0,0,0,1,0,0,0,0,0,0,1,0,0,0,0,1,0,0,0,1,0,0,0,1,0
2862,4.0,33.3991698374,2070.0,2070,5.0,3.8,2.0,730.0,0,0,0,1,1,0,0,0,0,0,0,0,1,0,0,0,0,0,1,0,0,0,0,0,0,1,0
2863,3.86143710629,35.0,2237.40362087,2330,0.0,4.45675812368,3.0,783.333333333,0,0,0,1,0,1,0,0,0,0,0,0,1,0,0,0,0,1,0,0,1,0,0,0,0,1,0
2864,3.98,34.0,2237.40362087,2250,1.0,4.0,0.0,757.780283204,0,0,2,0,1,0,0,0,0,0,0,0,1,0,0,0,0,1,0,0,0,1,0,0,0,1,0
2865,3.86143710629,33.3991698374,2320.0,2320,0.0,4.45675812368,1.0,800.0,0,0,0,0,0,1,0,0,0,0,0,0,1,0,0,0,0,0,1,0,1,0,0,0,0,1,0
2866,4.0,33.3991698374,2200.0,2200,0.0,4.45675812368,2.0,800.0,0,0,0,1,0,1,0,0,0,0,0,0,1,0,0,0,0,0,1,0,1,0,0,0,0,1,0
2867,3.86143710629,33.3991698374,2340.0,2340,0.0,4.45675812368,4.0,785.0,0,0,0,1,0,1,0,0,0,0,0,0,1,0,0,0,0,0,1,0,0,1,0,0,0,1,0
2868,3.91,34.0,1840.0,2250,3.0,4.0,2.0,670.0,0,0,2,0,0,1,0,0,0,0,0,0,1,0,0,0,0,1,0,0,0,1,0,0,0,1,0
2869,3.6,33.3991698374,2340.0,2340,6.0,5.0,4.0,780.0,0,0,0,1,0,1,0,0,0,0,0,0,1,0,0,0,0,0,1,0,0,1,0,0,0,1,0
2870,4.0,33.3991698374,2370.0,2370,5.0,4.8,4.0,762.5,0,0,1,1,0,0,0,0,0,0,0,0,1,0,0,0,0,0,1,0,0,0,0,0,0,1,0
2872,3.985,33.0,1920.0,2180,4.0,3.75,3.0,660.0,1,1,2,1,0,1,0,0,0,0,0,0,1,0,0,0,0,1,0,0,0,0,1,0,0,1,0
2873,3.94,33.3991698374,2130.0,2130,4.0,3.75,2.0,735.0,1,1,5,1,0,1,0,0,0,0,0,0,1,0,0,0,0,0,1,0,0,0,1,0,0,1,0
2874,3.79,27.0,1690.0,1820,0.0,4.45675812368,1.0,720.0,1,1,1,1,1,0,0,0,0,0,0,0,1,0,0,0,0,1,0,0,0,0,1,0,0,1,0
2875,3.86,34.0,2150.0,2250,0.0,4.45675812368,2.0,730.0,0,0,1,1,0,1,0,0,0,0,0,0,1,0,0,0,0,1,0,0,0,0,0,0,0,1,0
2876,3.86143710629,33.0,2237.40362087,2180,0.0,4.45675812368,3.0,740.0,0,0,0,0,0,1,0,0,0,0,0,0,1,0,0,0,0,1,0,0,0,1,0,0,0,1,0
2877,3.95,33.3991698374,2290.0,2290,0.0,4.45675812368,2.0,755.0,0,0,1,0,0,1,0,0,0,0,0,0,1,0,0,0,0,0,1,0,0,1,0,0,0,1,0
2878,3.8,30.0,2237.40362087,2000,1.0,5.0,0.0,757.780283204,0,0,2,0,0,1,0,0,0,0,0,0,1,0,0,0,0,1,0,0,0,1,0,0,0,1,0
2879,3.8,33.3991698374,2200.0,2200,2.0,5.0,2.0,730.0,0,0,0,0,1,0,0,0,0,0,0,0,1,0,0,0,0,0,1,0,0,1,0,0,0,1,0
2880,3.82,33.3991698374,2230.0,2230,4.0,5.0,2.0,755.0,0,0,3,0,0,1,0,0,0,0,0,0,1,0,0,0,0,0,1,0,0,1,0,0,0,1,0
2881,3.86143710629,33.3991698374,2210.0,2210,1.0,5.0,2.0,735.0,0,0,2,1,0,0,0,0,0,0,0,0,1,0,0,0,0,0,1,0,0,0,0,0,0,1,0
2882,4.0,33.3991698374,2310.0,2310,1.0,5.0,2.0,790.0,0,0,2,0,0,1,0,0,0,0,0,0,1,0,0,0,0,0,1,0,1,0,0,0,0,1,0
2884,3.9,33.3991698374,2280.0,2280,5.0,4.45675812368,2.0,800.0,0,0,0,1,0,0,0,0,0,0,0,0,1,0,0,0,0,0,1,0,1,0,0,0,0,1,0
2885,3.99,33.0,2090.0,2180,2.0,4.5,4.0,682.5,0,0,2,1,0,1,0,0,0,0,0,0,1,0,0,0,0,1,0,0,0,1,0,0,0,1,0
2886,3.872,34.0,2237.40362087,2250,13.0,5.0,4.0,797.5,0,0,1,1,0,1,0,0,0,0,0,0,1,0,0,0,0,1,0,0,1,0,0,0,0,1,0
2887,4.0,33.3991698374,2400.0,2400,0.0,4.45675812368,6.0,776.666666667,0,1,1,1,0,1,0,0,0,0,0,0,1,0,0,0,0,0,1,0,1,0,0,0,0,1,0
2888,4.0,33.3991698374,2260.0,2260,4.0,4.75,2.0,770.0,0,0,1,1,0,1,0,0,0,0,0,0,1,0,0,0,0,0,1,0,0,1,0,0,0,1,0
2889,3.86143710629,33.3991698374,2400.0,2400,0.0,4.45675812368,2.0,790.0,0,0,2,1,1,0,0,0,0,0,0,0,1,0,0,0,0,0,1,0,0,0,0,1,0,1,0
2890,3.9,33.3991698374,2370.0,2370,4.0,4.5,2.0,775.0,0,0,1,1,0,1,0,0,0,0,0,0,1,0,0,0,0,0,1,0,1,0,0,0,0,1,0
2891,3.95,35.0,2230.0,2330,0.0,4.45675812368,3.0,713.333333333,0,0,0,0,1,0,0,0,0,0,0,0,1,0,0,0,0,1,0,0,1,0,0,0,0,1,0
2892,3.36,34.0,2200.0,2250,0.0,4.45675812368,2.0,750.0,0,0,3,1,0,1,0,0,0,0,0,0,1,0,0,0,0,1,0,0,0,1,0,0,0,1,0
2893,3.9,33.3991698374,2100.0,2100,0.0,4.45675812368,4.0,687.5,0,0,0,0,0,1,0,0,0,0,0,0,1,0,0,0,0,0,1,0,0,1,0,0,0,1,0
2894,4.0,36.0,2340.0,2390,0.0,4.45675812368,3.0,796.666666667,0,1,2,0,0,1,0,0,0,0,0,0,1,0,0,0,0,1,0,0,1,0,0,0,0,1,0
2895,3.93,34.0,2110.0,2250,3.0,4.0,2.0,715.0,0,0,2,1,0,1,0,0,0,0,0,0,1,0,0,0,0,1,0,0,0,1,0,0,0,1,0
2896,3.5,34.0,2090.0,2250,1.0,3.0,2.0,720.0,1,0,0,1,1,0,0,0,0,0,0,0,1,0,0,0,0,1,0,0,0,0,0,0,1,1,0
2897,3.86143710629,33.3991698374,2310.0,2310,0.0,4.45675812368,2.0,800.0,0,0,1,0,0,1,0,0,0,0,0,0,1,0,0,0,0,0,1,0,1,0,0,0,0,1,0
2898,3.8,33.0,2290.0,2290,3.0,4.45675812368,4.0,770.0,0,0,1,0,0,1,0,0,0,0,0,0,1,0,0,0,0,0,1,0,1,0,0,0,0,1,0
2899,4.0,33.3991698374,2160.0,2160,3.0,4.0,2.0,720.0,1,1,1,1,0,1,0,0,0,0,0,0,1,0,0,0,0,0,1,0,0,0,1,0,0,1,0
2900,3.8,31.0,2100.0,2100,8.0,4.25,3.0,720.0,1,0,2,1,1,0,0,0,0,0,0,0,1,0,0,0,0,0,1,0,0,0,1,0,0,1,0
2901,4.0,33.0,2237.40362087,2180,5.0,3.6,2.0,710.0,0,0,3,1,1,0,0,0,0,0,0,0,1,0,0,0,0,1,0,0,1,0,0,0,0,0,1
2902,3.89,33.3991698374,2330.0,2330,8.0,4.875,4.0,777.5,0,0,1,0,1,0,0,0,0,0,0,0,1,0,0,0,0,0,1,0,1,0,0,0,0,1,0
2903,4.0,34.0,2110.0,2250,5.0,4.0,3.0,733.333333333,0,0,2,1,1,0,0,0,0,0,0,0,1,0,0,0,0,1,0,0,0,1,0,0,0,1,0
2904,4.0,34.0,2280.0,2280,2.0,4.5,1.0,800.0,0,0,1,1,1,0,0,0,0,0,0,0,1,0,0,0,0,0,1,0,1,0,0,0,0,1,0
2905,3.59,33.0,2237.40362087,2180,0.0,4.45675812368,1.0,740.0,1,0,0,1,0,1,0,0,0,0,0,0,1,0,0,0,0,1,0,0,0,0,1,0,0,1,0
2906,4.0,35.0,2350.0,2350,9.0,4.77777777778,3.0,776.666666667,0,0,3,0,0,1,0,0,0,0,0,0,1,0,0,0,0,0,1,0,1,0,0,0,0,1,0
2908,3.95,35.0,2270.0,2330,4.0,4.75,3.0,773.333333333,0,1,3,1,0,1,0,0,0,0,0,0,1,0,0,0,0,1,0,0,0,1,0,0,0,1,0
2910,3.86143710629,33.3991698374,2080.0,2080,0.0,4.45675812368,2.0,705.0,0,0,0,0,1,0,0,0,0,0,0,0,1,0,0,0,0,0,1,0,0,1,0,0,0,1,0
2911,3.93,32.0,2237.40362087,2120,0.0,4.45675812368,2.0,675.0,0,0,0,1,0,1,0,0,0,0,0,0,1,0,0,0,0,1,0,0,0,0,0,0,0,1,0
2912,3.78,33.3991698374,2380.0,2380,3.0,4.45675812368,2.0,800.0,0,0,0,1,0,1,0,0,0,0,0,0,1,0,0,0,0,0,1,0,0,1,0,0,0,1,0
2914,3.7,33.3991698374,2400.0,2400,3.0,4.66666666667,2.0,770.0,0,0,1,1,1,0,0,0,0,0,0,0,1,0,0,0,0,0,1,0,0,0,0,1,0,1,0
2916,3.92,36.0,2237.40362087,2390,3.0,4.0,2.0,740.0,1,0,0,1,0,1,0,0,0,0,0,0,1,0,0,0,0,1,0,0,0,0,1,0,0,1,0
2917,3.7,33.3991698374,2280.0,2280,3.0,4.66666666667,3.0,763.333333333,1,0,0,0,1,0,0,0,0,0,0,0,1,0,0,0,0,0,1,0,0,0,1,0,0,1,0
2918,4.0,33.3991698374,2380.0,2380,8.0,5.0,4.0,785.0,0,0,3,1,0,1,0,0,0,0,0,0,1,0,0,0,0,0,1,0,0,1,0,0,0,1,0
2920,3.9,33.0,2150.0,2180,4.0,4.25,2.0,710.0,0,0,1,0,1,0,0,0,0,0,0,0,1,0,0,0,0,1,0,0,0,1,0,0,0,1,0
2921,3.89,33.3991698374,2270.0,2270,5.0,4.2,2.0,735.0,0,0,3,0,1,0,0,0,0,0,0,0,1,0,0,0,0,0,1,0,1,0,0,0,0,1,0
2922,3.86143710629,33.0,2237.40362087,2180,0.0,4.45675812368,0.0,757.780283204,0,0,0,1,0,1,0,0,0,0,0,0,1,0,0,0,0,1,0,0,1,0,0,0,0,1,0
2924,3.86143710629,33.3991698374,2290.0,2290,0.0,4.45675812368,3.0,783.333333333,0,0,1,1,0,1,0,0,0,0,0,0,1,0,0,0,0,0,1,0,1,0,0,0,0,1,0
2925,3.89,33.3991698374,2270.0,2270,8.0,4.75,2.0,800.0,0,0,2,0,0,1,0,0,0,0,0,0,1,0,0,0,0,0,1,0,1,0,0,0,0,1,0
2926,4.0,32.0,2220.0,2220,2.0,4.5,3.0,776.666666667,0,0,2,1,1,0,0,0,0,0,0,0,1,0,0,0,0,0,1,0,1,0,0,0,0,1,0
2927,4.0,27.0,1890.0,1890,0.0,4.45675812368,0.0,757.780283204,0,1,1,0,0,1,0,0,0,0,0,0,1,0,0,0,0,0,1,0,0,1,0,0,0,1,0
2928,3.86143710629,33.3991698374,2320.0,2320,3.0,4.66666666667,3.0,780.0,0,0,2,1,0,0,0,0,0,0,0,0,1,0,0,0,0,0,1,0,0,0,0,0,0,1,0
2929,3.7,33.3991698374,2040.0,2040,0.0,4.45675812368,2.0,700.0,0,0,0,0,0,1,0,0,0,0,0,0,1,0,0,0,0,0,1,0,0,0,0,1,0,1,0
2931,3.95,34.0,2237.40362087,2250,2.0,4.0,4.0,642.5,0,0,1,1,0,1,0,0,0,0,0,0,1,0,0,0,0,1,0,0,0,1,0,0,0,1,0
2932,4.0,33.3991698374,2220.0,2220,6.0,5.0,4.0,790.0,0,0,3,1,1,0,0,0,0,0,0,0,1,0,0,0,0,0,1,0,1,0,0,0,0,1,0
2935,4.0,31.0,2237.40362087,2060,0.0,4.45675812368,0.0,757.780283204,0,0,0,1,1,0,0,0,0,0,0,0,1,0,0,0,0,1,0,0,1,0,0,0,0,1,0
2936,3.86143710629,33.0,2070.0,2180,0.0,4.45675812368,1.0,700.0,1,0,0,1,1,0,0,0,0,0,0,0,1,0,0,0,0,1,0,0,0,0,1,0,0,1,0
2937,4.0,33.0,2020.0,2180,7.0,4.57142857143,2.0,710.0,0,0,0,1,0,1,0,0,0,0,0,0,1,0,0,0,0,1,0,0,0,1,0,0,0,1,0
2938,4.0,33.3991698374,1980.0,1980,3.0,4.0,2.0,690.0,1,1,0,1,0,1,0,0,0,0,0,0,1,0,0,0,0,0,1,0,0,0,1,0,0,1,0
2939,4.0,33.3991698374,2250.0,2250,3.0,4.66666666667,3.0,776.666666667,0,0,1,1,0,1,0,0,0,0,0,0,1,0,0,0,0,0,1,0,1,0,0,0,0,1,0
2940,3.49,29.0,2237.40362087,1940,0.0,4.45675812368,0.0,757.780283204,1,0,2,0,0,1,0,0,0,0,0,0,1,0,0,0,0,1,0,1,0,0,0,0,0,1,0
2941,3.82,28.0,1810.0,1880,1.0,3.0,3.0,646.666666667,0,1,3,1,1,0,0,0,0,0,0,0,1,0,0,0,0,1,0,0,1,0,0,0,0,1,0
2942,3.114,35.0,2380.0,2380,7.0,4.42857142857,3.0,716.666666667,0,0,2,1,0,1,0,0,0,0,0,0,1,0,0,0,0,0,1,0,0,1,0,0,0,1,0
2943,3.98,31.0,2030.0,2060,4.0,4.75,4.0,685.0,1,0,2,1,1,0,0,0,0,0,0,0,1,0,0,0,0,1,0,0,0,0,1,0,0,1,0
2944,3.679,33.3991698374,2100.0,2100,0.0,4.45675812368,2.0,720.0,0,0,0,1,1,0,0,0,0,0,0,0,1,0,0,0,0,0,1,0,0,0,0,1,0,1,0
2947,3.86143710629,33.3991698374,2310.0,2310,0.0,4.45675812368,2.0,770.0,0,0,0,0,0,1,0,0,0,0,0,0,1,0,0,0,0,0,1,0,0,1,0,0,0,1,0
2948,3.86143710629,34.0,2237.40362087,2250,1.0,5.0,2.0,735.0,0,0,0,0,0,1,0,0,0,0,0,0,1,0,0,0,0,1,0,0,0,1,0,0,0,1,0
2949,3.86143710629,33.3991698374,2350.0,2350,0.0,4.45675812368,2.0,750.0,0,0,0,0,1,0,0,0,0,0,0,0,1,0,0,0,0,0,1,0,0,1,0,0,0,1,0
2950,3.86143710629,33.3991698374,2130.0,2130,0.0,4.45675812368,3.0,670.0,0,0,0,1,0,1,0,0,0,0,0,0,1,0,0,0,0,0,1,0,0,1,0,0,0,1,0
2951,3.86143710629,35.0,2237.40362087,2330,0.0,4.45675812368,3.0,736.666666667,0,0,0,1,1,0,0,0,0,0,0,0,1,0,0,0,0,1,0,0,0,1,0,0,0,1,0
2953,3.99,33.3991698374,2400.0,2400,0.0,4.45675812368,2.0,795.0,0,0,0,1,1,0,0,0,0,0,0,0,1,0,0,0,0,0,1,0,1,0,0,0,0,1,0
2955,3.83,33.3991698374,2200.0,2200,7.0,4.28571428571,3.0,740.0,0,0,0,0,0,1,0,0,0,0,0,0,1,0,0,0,0,0,1,0,0,1,0,0,0,1,0
2956,3.8,35.0,2330.0,2330,7.0,5.0,4.0,772.5,0,0,0,1,0,1,0,0,0,0,0,0,1,0,0,0,0,1,0,0,0,1,0,0,0,1,0
2958,3.87,33.3991698374,2250.0,2250,0.0,4.45675812368,2.0,785.0,0,0,0,1,1,0,0,0,0,0,0,0,1,0,0,0,0,0,1,0,0,1,0,0,0,1,0
2959,3.86143710629,30.0,2237.40362087,2000,0.0,4.45675812368,0.0,757.780283204,0,0,0,0,0,1,0,0,0,0,0,0,1,0,0,0,0,1,0,0,0,1,0,0,0,1,0
2960,3.86143710629,21.0,2237.40362087,1470,0.0,4.45675812368,0.0,757.780283204,0,1,0,0,0,1,0,0,0,0,0,0,1,0,0,0,0,1,0,0,0,1,0,0,0,1,0
2963,3.86143710629,35.0,2220.0,2330,0.0,4.45675812368,0.0,757.780283204,0,0,0,1,0,1,0,0,0,0,0,0,1,0,0,0,0,1,0,0,0,1,0,0,0,1,0
2964,4.0,33.3991698374,2320.0,2320,0.0,4.45675812368,3.0,783.333333333,0,0,0,0,0,1,0,0,0,0,0,0,1,0,0,0,0,0,1,0,0,0,0,0,0,1,0
2965,3.86143710629,33.3991698374,2340.0,2340,0.0,4.45675812368,5.0,680.0,0,0,1,1,1,0,0,0,0,0,0,0,1,0,0,0,0,0,1,0,0,1,0,0,0,1,0
2966,3.86143710629,34.0,2237.40362087,2250,0.0,4.45675812368,3.0,786.666666667,0,0,1,1,0,1,0,0,0,0,0,0,1,0,0,0,0,1,0,0,0,1,0,0,0,1,0
2967,3.86143710629,33.3991698374,2050.0,2050,0.0,4.45675812368,2.0,710.0,0,1,0,1,0,1,0,0,0,0,0,0,1,0,0,0,0,0,1,0,0,1,0,0,0,1,0
2968,3.86143710629,35.0,2340.0,2340,0.0,4.45675812368,5.0,772.0,0,0,0,1,1,0,0,0,0,0,0,0,1,0,0,0,0,0,1,0,0,1,0,0,0,1,0
2969,3.96,33.3991698374,2360.0,2360,7.0,4.57142857143,4.0,762.5,0,0,0,1,0,1,0,0,0,0,0,0,1,0,0,0,0,0,1,0,0,1,0,0,0,1,0
2970,3.86143710629,27.0,2237.40362087,1820,0.0,4.45675812368,2.0,705.0,0,0,0,1,1,0,0,0,0,0,0,0,1,0,0,0,0,1,0,0,1,0,0,0,0,1,0
2972,3.85,33.3991698374,2250.0,2250,4.0,4.75,3.0,720.0,0,0,0,0,1,0,0,0,0,0,0,0,1,0,0,0,0,0,1,0,0,1,0,0,0,1,0
2973,4.3,28.0,2010.0,2010,0.0,4.45675812368,3.0,680.0,1,0,0,1,0,1,0,0,0,0,0,0,1,0,0,0,0,0,1,0,0,1,0,0,0,1,0
2974,3.92,35.0,2270.0,2330,9.0,4.55555555556,4.0,755.0,0,0,4,0,0,1,0,0,0,0,0,0,1,0,0,0,0,1,0,0,0,0,0,0,0,1,0
2975,3.86143710629,33.3991698374,2110.0,2110,0.0,4.45675812368,2.0,675.0,0,0,0,1,0,1,0,0,0,0,0,0,1,0,0,0,0,0,1,0,0,1,0,0,0,1,0
2976,3.86143710629,33.3991698374,2220.0,2220,0.0,4.45675812368,4.0,767.5,0,0,0,0,1,0,0,0,0,0,0,0,1,0,0,0,0,0,1,0,0,1,0,0,0,1,0
2977,3.86143710629,33.3991698374,2250.0,2250,0.0,4.45675812368,2.0,790.0,0,0,0,1,1,0,0,0,0,0,0,0,1,0,0,0,0,0,1,0,1,0,0,0,0,1,0
2979,3.86143710629,33.0,2237.40362087,2180,0.0,4.45675812368,2.0,725.0,1,0,0,1,1,0,0,0,0,0,0,0,1,0,0,0,0,1,0,1,0,0,0,0,0,1,0
2980,3.86143710629,35.0,2237.40362087,2330,0.0,4.45675812368,2.0,800.0,0,0,0,0,0,1,0,0,0,0,0,0,1,0,0,0,0,1,0,0,1,0,0,0,0,1,0
2981,3.86143710629,35.0,2270.0,2330,0.0,4.45675812368,3.0,790.0,0,0,0,1,1,0,0,0,0,0,0,0,1,0,0,0,0,1,0,0,1,0,0,0,0,1,0
2982,3.99,33.3991698374,2360.0,2360,4.0,4.5,2.0,780.0,0,0,3,0,1,0,0,0,0,0,0,0,1,0,0,0,0,0,1,0,0,1,0,0,0,1,0
2983,3.86143710629,33.3991698374,2330.0,2330,0.0,4.45675812368,5.0,780.0,0,0,0,0,1,0,0,0,0,0,0,0,1,0,0,0,0,0,1,0,1,0,0,0,0,1,0
2984,3.9,36.0,2400.0,2400,1.0,5.0,3.0,796.666666667,0,0,5,0,0,1,0,0,0,0,0,0,1,0,0,0,0,0,1,0,1,0,0,0,0,1,0
2985,3.86143710629,33.3991698374,2190.0,2190,0.0,4.45675812368,0.0,757.780283204,0,0,0,0,0,1,0,0,0,0,0,0,1,0,0,0,0,0,1,0,0,1,0,0,0,1,0
2986,3.86143710629,34.0,2200.0,2250,0.0,4.45675812368,2.0,800.0,0,0,0,1,0,1,0,0,0,0,0,0,1,0,0,0,0,1,0,0,0,1,0,0,0,1,0
2988,3.86143710629,35.0,2290.0,2330,0.0,4.45675812368,2.0,800.0,0,0,1,1,1,0,0,0,0,0,0,0,1,0,0,0,0,1,0,0,1,0,0,0,0,1,0
2989,3.7,30.0,2210.0,2210,4.0,4.25,2.0,760.0,1,0,1,0,0,1,0,0,0,0,0,0,1,0,0,0,0,0,1,0,0,0,1,0,0,1,0
2990,3.86143710629,33.3991698374,2380.0,2380,0.0,4.45675812368,2.0,775.0,0,0,0,1,0,1,0,0,0,0,0,0,1,0,0,0,0,0,1,0,0,1,0,0,0,1,0
2991,3.86143710629,33.0,2180.0,2180,2.0,4.5,3.0,666.666666667,0,0,0,1,1,0,0,0,0,0,0,0,1,0,0,0,0,1,0,0,1,0,0,0,0,1,0
2994,4.2963,33.3991698374,2090.0,2090,8.0,5.0,5.0,754.0,0,0,4,0,0,1,0,0,0,0,0,0,1,0,0,0,0,0,1,0,1,0,0,0,0,1,0
2995,3.86143710629,33.3991698374,2320.0,2320,0.0,4.45675812368,2.0,755.0,0,0,0,1,1,0,0,0,0,0,0,0,1,0,0,0,0,0,1,0,1,0,0,0,0,1,0
2997,4.0,33.0,2237.40362087,2180,0.0,4.45675812368,0.0,757.780283204,0,1,0,1,0,1,0,0,0,0,0,0,1,0,0,0,0,1,0,0,1,0,0,0,0,1,0
2999,3.86143710629,33.3991698374,2310.0,2310,0.0,4.45675812368,2.0,770.0,0,0,0,0,1,0,0,0,0,0,0,0,1,0,0,0,0,0,1,0,1,0,0,0,0,1,0
3001,3.86143710629,33.3991698374,1950.0,1950,0.0,4.45675812368,0.0,757.780283204,0,1,0,0,0,1,0,0,0,0,0,0,1,0,0,0,0,0,1,0,0,1,0,0,0,1,0
3002,3.97,33.3991698374,2360.0,2360,1.0,5.0,3.0,800.0,0,0,1,0,0,1,0,0,0,0,0,0,1,0,0,0,0,0,1,0,1,0,0,0,0,1,0
3003,3.86143710629,33.0,2237.40362087,2180,0.0,4.45675812368,2.0,740.0,0,0,0,0,1,0,0,0,0,0,0,0,1,0,0,0,0,1,0,0,0,0,0,1,0,1,0
3004,3.86143710629,33.3991698374,2290.0,2290,0.0,4.45675812368,3.0,753.333333333,0,0,0,1,0,1,0,0,0,0,0,0,1,0,0,0,0,0,1,0,0,1,0,0,0,1,0
3005,3.86143710629,33.3991698374,2120.0,2120,0.0,4.45675812368,3.0,766.666666667,0,1,0,1,1,0,0,0,0,0,0,0,1,0,0,0,0,0,1,0,0,1,0,0,0,1,0
3006,3.86143710629,32.0,2237.40362087,2120,0.0,4.45675812368,3.0,770.0,0,0,0,0,0,1,0,0,0,0,0,0,1,0,0,0,0,1,0,0,0,1,0,0,0,1,0
3007,3.86143710629,29.0,2237.40362087,1940,0.0,4.45675812368,0.0,757.780283204,1,0,0,1,1,0,0,0,0,0,0,0,1,0,0,0,0,1,0,0,0,0,1,0,0,1,0
3008,3.86143710629,34.0,2070.0,2250,5.0,4.6,2.0,705.0,0,0,0,0,0,1,0,0,0,0,0,0,1,0,0,0,0,1,0,0,1,0,0,0,0,1,0
3009,3.86143710629,33.3991698374,2200.0,2200,0.0,4.45675812368,3.0,693.333333333,0,0,0,0,1,0,0,0,0,0,0,0,1,0,0,0,0,0,1,0,1,0,0,0,0,1,0
3010,3.86143710629,33.3991698374,2190.0,2190,0.0,4.45675812368,3.0,793.333333333,0,0,0,0,0,1,0,0,0,0,0,0,1,0,0,0,0,0,1,0,0,1,0,0,0,1,0
3012,3.86143710629,33.3991698374,2170.0,2170,0.0,4.45675812368,5.0,766.0,0,0,0,1,1,0,0,0,0,0,0,0,1,0,0,0,0,0,1,0,0,1,0,0,0,1,0
3013,3.86143710629,33.3991698374,2240.0,2240,0.0,4.45675812368,3.0,723.333333333,0,1,0,1,1,0,0,0,0,0,0,0,1,0,0,0,0,0,1,0,0,1,0,0,0,1,0
3014,3.86143710629,33.3991698374,2380.0,2380,7.0,4.85714285714,3.0,786.666666667,0,0,0,1,0,1,0,0,0,0,0,0,1,0,0,0,0,0,1,0,0,1,0,0,0,1,0
3015,3.86143710629,33.3991698374,2270.0,2270,0.0,4.45675812368,2.0,800.0,0,0,0,0,0,1,0,0,0,0,0,0,1,0,0,0,0,0,1,0,0,1,0,0,0,1,0
3018,4.0,36.0,2237.40362087,2390,2.0,3.5,3.0,710.0,0,0,1,0,1,0,0,0,0,0,0,0,1,0,0,0,0,1,0,0,0,1,0,0,0,1,0
3019,3.86143710629,33.3991698374,2120.0,2120,0.0,4.45675812368,0.0,757.780283204,0,0,0,1,0,1,0,0,0,0,0,0,1,0,0,0,0,0,1,0,0,1,0,0,0,1,0
3021,3.86143710629,30.0,2237.40362087,2000,0.0,4.45675812368,0.0,757.780283204,0,0,0,0,0,1,0,0,0,0,0,0,1,0,0,0,0,1,0,0,0,1,0,0,0,1,0
3022,3.86143710629,29.0,2160.0,2160,0.0,4.45675812368,2.0,780.0,0,0,0,0,0,1,0,0,0,0,0,0,1,0,0,0,0,0,1,0,1,0,0,0,0,1,0
3024,3.86143710629,33.3991698374,2330.0,2330,0.0,4.45675812368,4.0,780.0,1,0,0,1,0,1,0,0,0,0,0,0,1,0,0,0,0,0,1,0,0,0,1,0,0,1,0
3025,3.86143710629,33.3991698374,2280.0,2280,0.0,4.45675812368,2.0,775.0,0,0,0,1,0,1,0,0,0,0,0,0,1,0,0,0,0,0,1,0,1,0,0,0,0,1,0
3028,3.86143710629,1.0,2260.0,2260,0.0,4.45675812368,2.0,765.0,0,0,0,0,0,1,0,0,0,0,0,0,1,0,0,0,0,0,1,0,1,0,0,0,0,1,0
3029,3.86143710629,35.0,2320.0,2330,0.0,4.45675812368,4.0,757.5,0,0,0,1,1,0,0,0,0,0,0,0,1,0,0,0,0,1,0,0,0,0,0,0,0,1,0
3030,3.86143710629,34.0,2237.40362087,2250,0.0,4.45675812368,0.0,757.780283204,0,0,0,0,0,1,0,0,0,0,0,0,1,0,0,0,0,1,0,0,0,1,0,0,0,1,0
3032,3.86143710629,34.0,2237.40362087,2250,0.0,4.45675812368,1.0,750.0,0,0,0,1,1,0,0,0,0,0,0,0,1,0,0,0,0,1,0,0,0,0,0,0,0,1,0
3036,3.81,33.3991698374,2340.0,2340,6.0,4.5,2.0,760.0,0,0,0,1,1,0,0,0,0,0,0,0,1,0,0,0,0,0,1,0,0,1,0,0,0,1,0
3040,3.8,33.3991698374,2330.0,2330,2.0,5.0,3.0,773.333333333,0,0,0,1,1,0,0,0,0,0,0,0,1,0,0,0,0,0,1,0,1,0,0,0,0,1,0
3041,3.86143710629,33.0,2237.40362087,2180,0.0,4.45675812368,4.0,765.0,0,1,0,1,0,1,0,0,0,0,0,0,1,0,0,0,0,1,0,0,0,1,0,0,0,1,0
3043,3.85,36.0,2230.0,2390,0.0,4.45675812368,4.0,800.0,0,0,1,1,0,1,0,0,0,0,0,0,1,0,0,0,0,1,0,0,0,1,0,0,0,1,0
3044,3.86143710629,36.0,2237.40362087,2390,0.0,4.45675812368,2.0,780.0,0,0,0,1,0,1,0,0,0,0,0,0,1,0,0,0,0,1,0,0,1,0,0,0,0,1,0
3045,3.86143710629,33.3991698374,2170.0,2170,0.0,4.45675812368,0.0,757.780283204,0,0,0,0,1,0,0,0,0,0,0,0,1,0,0,0,0,0,1,0,0,1,0,0,0,1,0
3047,3.86143710629,33.3991698374,2330.0,2330,0.0,4.45675812368,3.0,786.666666667,0,0,0,1,1,0,0,0,0,0,0,0,1,0,0,0,0,0,1,0,1,0,0,0,0,1,0
3050,3.86143710629,33.3991698374,2200.0,2200,0.0,4.45675812368,2.0,735.0,0,0,0,1,0,1,0,0,0,0,0,0,1,0,0,0,0,0,1,0,1,0,0,0,0,1,0
3051,3.85,34.0,2140.0,2250,6.0,3.66666666667,3.0,730.0,0,1,0,0,0,1,0,0,0,0,0,0,1,0,0,0,0,1,0,0,0,1,0,0,0,1,0
3052,3.86143710629,30.0,2090.0,2090,0.0,4.45675812368,5.0,754.0,0,0,0,1,0,1,0,0,0,0,0,0,1,0,0,0,0,0,1,0,1,0,0,0,0,1,0
3053,3.86143710629,34.0,2237.40362087,2250,0.0,4.45675812368,4.0,702.5,0,0,0,1,0,1,0,0,0,0,0,0,1,0,0,0,0,1,0,0,0,1,0,0,0,1,0
3054,3.86143710629,33.3991698374,2380.0,2380,0.0,4.45675812368,3.0,783.333333333,0,0,0,1,0,0,0,0,0,0,0,0,1,0,0,0,0,0,1,0,0,0,0,0,0,1,0
3057,3.86143710629,33.3991698374,2260.0,2260,0.0,4.45675812368,3.0,730.0,0,0,0,0,0,1,0,0,0,0,0,0,1,0,0,0,0,0,1,0,0,0,0,1,0,1,0
3059,3.86143710629,33.3991698374,2350.0,2350,0.0,4.45675812368,3.0,790.0,0,0,0,1,0,0,0,0,0,0,0,0,1,0,0,0,0,0,1,0,1,0,0,0,0,1,0
3060,3.86143710629,31.0,2220.0,2220,0.0,4.45675812368,2.0,650.0,0,0,0,1,1,0,0,0,0,0,0,0,1,0,0,0,0,0,1,0,0,1,0,0,0,1,0
3061,3.71,34.0,2237.40362087,2250,1.0,5.0,0.0,757.780283204,0,0,0,0,0,1,0,0,0,0,0,0,1,0,0,0,0,1,0,0,0,1,0,0,0,1,0
3062,3.86143710629,33.3991698374,2280.0,2280,0.0,4.45675812368,3.0,770.0,0,1,2,1,0,1,0,0,0,0,0,0,1,0,0,0,0,0,1,0,0,1,0,0,0,1,0
3063,3.86143710629,33.3991698374,2330.0,2330,0.0,4.45675812368,3.0,783.333333333,0,0,0,1,1,0,0,0,0,0,0,0,1,0,0,0,0,0,1,0,1,0,0,0,0,1,0
3064,3.86143710629,33.3991698374,2240.0,2240,0.0,4.45675812368,3.0,800.0,0,0,2,1,1,0,0,0,0,0,0,0,1,0,0,0,0,0,1,0,1,0,0,0,0,1,0
3065,3.86143710629,33.3991698374,1900.0,1900,0.0,4.45675812368,0.0,757.780283204,0,0,0,0,0,1,0,0,0,0,0,0,1,0,0,0,0,0,1,0,0,1,0,0,0,1,0
3067,3.86143710629,33.3991698374,2250.0,2250,0.0,4.45675812368,3.0,753.333333333,0,0,0,1,1,0,0,0,0,0,0,0,1,0,0,0,0,0,1,0,0,1,0,0,0,1,0
3068,3.86143710629,29.0,2237.40362087,1940,0.0,4.45675812368,0.0,757.780283204,0,0,0,0,1,0,0,0,0,0,0,0,1,0,0,0,0,1,0,0,0,0,0,0,0,1,0
3069,3.86143710629,33.3991698374,2390.0,2390,0.0,4.45675812368,3.0,796.666666667,0,0,0,1,0,1,0,0,0,0,0,0,1,0,0,0,0,0,1,0,0,1,0,0,0,1,0
3070,3.86143710629,35.0,2237.40362087,2330,0.0,4.45675812368,3.0,783.333333333,0,0,0,1,0,1,0,0,0,0,0,0,1,0,0,0,0,1,0,0,0,1,0,0,0,1,0
3071,3.86143710629,33.3991698374,2130.0,2130,0.0,4.45675812368,2.0,690.0,0,0,0,1,0,1,0,0,0,0,0,0,1,0,0,0,0,0,1,0,0,1,0,0,0,1,0
3073,3.86143710629,33.3991698374,2330.0,2330,0.0,4.45675812368,2.0,725.0,0,0,0,1,1,0,0,0,0,0,0,0,1,0,0,0,0,0,1,0,0,1,0,0,0,1,0
3075,4.0,33.3991698374,2300.0,2300,8.0,4.5,2.0,740.0,0,0,2,0,0,1,0,0,0,0,0,0,1,0,0,0,0,0,1,0,0,1,0,0,0,1,0
3078,3.8,33.3991698374,2120.0,2120,0.0,4.45675812368,4.0,712.5,0,0,0,0,0,1,0,0,0,0,0,0,1,0,0,0,0,0,1,0,1,0,0,0,0,1,0
3079,3.96,33.3991698374,2340.0,2340,4.0,4.75,4.0,800.0,0,0,1,0,0,1,0,0,0,0,0,0,1,0,0,0,0,0,1,0,1,0,0,0,0,1,0
3080,4.0,33.3991698374,2050.0,2050,3.0,4.0,3.0,640.0,0,0,1,1,1,0,0,0,0,0,0,0,1,0,0,0,0,0,1,0,0,1,0,0,0,1,0
3081,3.86143710629,33.3991698374,2080.0,2080,0.0,4.45675812368,2.0,725.0,0,1,3,0,0,1,0,0,0,0,0,0,1,0,0,0,0,0,1,0,1,0,0,0,0,1,0
3082,3.86143710629,31.0,2250.0,2250,0.0,4.45675812368,3.0,716.666666667,0,0,0,0,0,1,0,0,0,0,0,0,1,0,0,0,0,0,1,0,0,1,0,0,0,1,0
3083,3.845,31.0,1970.0,2060,3.0,3.0,3.0,670.0,1,0,3,1,1,0,0,0,0,0,0,0,1,0,0,0,0,1,0,0,0,0,1,0,0,1,0
3084,3.82,36.0,2290.0,2390,4.0,5.0,0.0,757.780283204,0,0,2,1,1,0,0,0,0,0,0,0,1,0,0,0,0,1,0,0,0,1,0,0,0,1,0
3086,3.86143710629,30.0,1760.0,2000,4.0,3.5,1.0,650.0,0,1,0,1,0,1,0,0,0,0,0,0,1,0,0,0,0,1,0,0,0,1,0,0,0,1,0
3088,4.0,35.0,2237.40362087,2330,0.0,4.45675812368,2.0,760.0,0,0,2,1,0,1,0,0,0,0,0,0,1,0,0,0,0,1,0,0,0,0,0,0,0,1,0
3089,3.9,33.3991698374,2010.0,2010,3.0,4.33333333333,2.0,695.0,1,0,0,1,1,0,0,0,0,0,0,0,1,0,0,0,0,0,1,0,0,1,0,0,0,1,0
3090,4.0,31.0,2237.40362087,2060,0.0,4.45675812368,2.0,780.0,1,0,0,1,0,1,0,0,0,0,0,0,1,0,0,0,0,1,0,0,0,0,1,0,0,1,0
3091,3.75,33.0,2170.0,2180,4.0,5.0,3.0,696.666666667,0,0,2,0,1,0,0,0,0,0,0,0,1,0,0,0,0,1,0,0,0,1,0,0,0,1,0
3092,3.971,33.3991698374,2340.0,2340,11.0,4.45675812368,2.0,770.0,1,0,4,1,1,0,0,0,0,0,0,0,1,0,0,0,0,0,1,0,0,0,1,0,0,1,0
3093,3.2,29.0,2070.0,2070,3.0,2.66666666667,2.0,675.0,1,0,0,0,1,0,0,0,0,0,0,0,1,0,0,0,0,0,1,1,0,0,0,0,0,1,0
3094,3.97,36.0,2390.0,2390,1.0,5.0,2.0,800.0,0,0,3,1,1,0,0,0,0,0,0,0,1,0,0,0,0,1,0,0,0,0,0,1,0,1,0
3095,3.6965,33.3991698374,2260.0,2260,1.0,4.0,4.0,780.0,0,0,3,0,0,1,0,0,0,0,0,0,1,0,0,0,0,0,1,0,0,1,0,0,0,1,0
3096,4.0,34.0,2200.0,2250,3.0,4.0,3.0,686.666666667,0,0,1,1,0,0,0,0,0,0,0,0,1,0,0,0,0,1,0,0,0,0,0,0,0,1,0
3097,3.86143710629,33.3991698374,2320.0,2320,2.0,5.0,2.0,790.0,0,0,0,1,1,0,0,0,0,0,0,0,1,0,0,0,0,0,1,0,1,0,0,0,0,1,0
3098,4.0,32.0,2237.40362087,2120,2.0,3.0,2.0,720.0,0,0,0,0,0,1,0,0,0,0,0,0,1,0,0,0,0,1,0,0,0,1,0,0,0,1,0
3099,4.0,34.0,2120.0,2250,5.0,4.6,8.0,703.75,0,0,2,0,0,1,0,0,0,0,0,0,1,0,0,0,0,1,0,0,0,1,0,0,0,1,0
3100,3.77,33.3991698374,2230.0,2230,0.0,4.45675812368,2.0,800.0,0,0,0,1,0,1,0,0,0,0,0,0,1,0,0,0,0,0,1,0,0,0,0,0,0,0,1
3101,3.14,31.0,2237.40362087,2060,0.0,4.45675812368,0.0,757.780283204,0,0,3,0,1,0,0,0,0,0,0,0,1,0,0,0,0,1,0,0,0,1,0,0,0,1,0
3102,3.7375,33.3991698374,2230.0,2230,0.0,4.45675812368,2.0,790.0,0,0,2,0,1,0,0,0,0,0,0,0,1,0,0,0,0,0,1,0,1,0,0,0,0,1,0
3103,3.9,33.3991698374,2330.0,2330,2.0,5.0,3.0,760.0,0,0,1,0,1,0,0,0,0,0,0,0,1,0,0,0,0,0,1,0,0,0,0,1,0,1,0
3104,3.1,33.3991698374,2260.0,2260,2.0,4.0,3.0,643.333333333,0,0,2,1,0,1,0,0,0,0,0,0,1,0,0,0,0,0,1,0,0,1,0,0,0,1,0
3105,4.0,32.0,2237.40362087,2120,4.0,3.75,0.0,757.780283204,1,0,2,1,1,0,0,0,0,0,0,0,1,0,0,0,0,1,0,1,0,0,0,0,0,1,0
3106,3.96,33.3991698374,2320.0,2320,4.0,4.75,6.0,750.0,0,0,2,1,1,0,0,0,0,0,0,0,1,0,0,0,0,0,1,0,0,1,0,0,0,1,0
3107,3.99,33.3991698374,2120.0,2120,3.0,4.33333333333,3.0,726.666666667,0,0,2,1,1,0,0,0,0,0,0,0,1,0,0,0,0,0,1,0,0,1,0,0,0,1,0
3108,3.7,33.3991698374,2400.0,2400,13.0,4.69230769231,3.0,780.0,0,0,4,1,0,0,0,0,0,0,0,0,1,0,0,0,0,0,1,0,0,1,0,0,0,1,0
3109,4.0,33.3991698374,2330.0,2330,1.0,5.0,3.0,766.666666667,0,0,0,1,0,1,0,0,0,0,0,0,1,0,0,0,0,0,1,0,0,1,0,0,0,1,0
3110,4.0,33.3991698374,2050.0,2050,7.0,4.71428571429,4.0,762.5,0,0,3,1,0,1,0,0,0,0,0,0,1,0,0,0,0,0,1,0,0,1,0,0,0,1,0
3113,3.94,33.3991698374,2360.0,2360,4.0,4.75,5.0,740.0,0,0,2,1,1,0,0,0,0,0,0,0,1,0,0,0,0,0,1,0,1,0,0,0,0,1,0
3114,4.0,35.0,2310.0,2330,2.0,5.0,3.0,743.333333333,0,0,1,0,0,1,0,0,0,0,0,0,1,0,0,0,0,1,0,0,0,1,0,0,0,1,0
3117,4.0,30.0,2060.0,2060,1.0,4.0,2.0,600.0,1,1,1,1,1,0,0,0,0,0,0,0,1,0,0,0,0,0,1,0,0,0,1,0,0,1,0
3118,3.9,32.0,2237.40362087,2120,0.0,4.45675812368,0.0,757.780283204,0,0,2,1,0,1,0,0,0,0,0,0,1,0,0,0,0,1,0,0,0,0,0,0,0,1,0
3119,4.0,29.0,1870.0,1940,3.0,4.0,2.0,660.0,1,0,0,0,1,0,0,0,0,0,0,0,1,0,0,0,0,1,0,1,0,0,0,0,0,1,0
3120,3.98,36.0,2300.0,2390,0.0,4.45675812368,2.0,780.0,0,0,0,1,0,1,0,0,0,0,0,0,1,0,0,0,0,1,0,0,1,0,0,0,0,1,0
3122,3.9,33.3991698374,2400.0,2400,4.0,4.5,5.0,778.0,0,0,4,0,0,1,0,0,0,0,0,0,1,0,0,0,0,0,1,0,1,0,0,0,0,1,0
3125,3.67,33.0,2237.40362087,2180,2.0,4.0,0.0,757.780283204,0,1,0,1,0,1,0,0,0,0,0,0,1,0,0,0,0,1,0,0,0,1,0,0,0,1,0
3126,3.86143710629,33.3991698374,2070.0,2070,1.0,4.0,3.0,770.0,1,0,0,1,0,1,0,0,0,0,0,0,1,0,0,0,0,0,1,1,0,0,0,0,0,1,0
3127,4.0,33.3991698374,2390.0,2390,1.0,5.0,5.0,792.0,0,0,0,1,1,0,0,0,0,0,0,0,1,0,0,0,0,0,1,0,1,0,0,0,0,1,0
3131,3.86143710629,34.0,2237.40362087,2250,0.0,4.45675812368,0.0,757.780283204,0,0,0,0,0,0,0,0,0,0,0,0,1,0,0,0,0,1,0,0,0,0,0,0,0,1,0
3132,3.89,35.0,2237.40362087,2330,2.0,4.5,3.0,793.333333333,0,0,1,1,0,0,0,0,0,0,0,0,1,0,0,0,0,1,0,0,0,0,0,0,0,1,0
3133,3.77,33.3991698374,2400.0,2400,4.0,4.25,3.0,760.0,0,0,2,1,1,0,0,0,0,0,0,0,1,0,0,0,0,0,1,0,1,0,0,0,0,1,0
3134,3.89,34.0,2237.40362087,2250,1.0,5.0,3.0,696.666666667,0,0,1,0,0,1,0,0,0,0,0,0,1,0,0,0,0,1,0,0,0,1,0,0,0,1,0
3135,3.9,33.3991698374,2250.0,2250,4.0,4.75,3.0,760.0,0,0,3,0,1,0,0,0,0,0,0,0,1,0,0,0,0,0,1,0,0,0,0,0,0,1,0
3136,3.86143710629,34.0,2237.40362087,2250,0.0,4.45675812368,0.0,757.780283204,0,0,0,0,1,0,0,0,0,0,0,0,1,0,0,0,0,1,0,0,1,0,0,0,0,1,0
3137,3.791,32.0,2237.40362087,2120,0.0,4.45675812368,2.0,720.0,0,0,0,0,0,1,0,0,0,0,0,0,1,0,0,0,0,1,0,0,0,1,0,0,0,1,0
3138,3.86143710629,34.0,2237.40362087,2250,0.0,4.45675812368,3.0,793.333333333,0,0,0,1,0,1,0,0,0,0,0,0,1,0,0,0,0,1,0,0,0,1,0,0,0,1,0
3139,4.0,33.3991698374,2230.0,2230,0.0,4.45675812368,2.0,790.0,0,0,0,0,0,1,0,0,0,0,0,0,1,0,0,0,0,0,1,0,1,0,0,0,0,1,0
3141,3.95,33.0,2237.40362087,2180,2.0,4.5,3.0,716.666666667,0,0,0,0,0,1,0,0,0,0,0,0,1,0,0,0,0,1,0,0,0,1,0,0,0,1,0
3142,3.7,33.0,2237.40362087,2180,3.0,3.33333333333,0.0,757.780283204,0,0,1,0,0,0,0,0,0,0,0,0,1,0,0,0,0,1,0,0,0,1,0,0,0,1,0
3143,3.86143710629,34.0,2340.0,2340,3.0,4.66666666667,3.0,746.666666667,0,0,1,0,0,1,0,0,0,0,0,0,1,0,0,0,0,0,1,0,1,0,0,0,0,1,0
3144,3.9916,35.0,2250.0,2330,0.0,4.45675812368,2.0,780.0,0,0,1,1,0,1,0,0,0,0,0,0,1,0,0,0,0,1,0,0,1,0,0,0,0,1,0
3147,4.0,33.3991698374,2220.0,2220,4.0,4.5,2.0,715.0,0,0,1,1,0,1,0,0,0,0,0,0,1,0,0,0,0,0,1,0,1,0,0,0,0,1,0
3148,3.86143710629,33.3991698374,2400.0,2400,0.0,4.45675812368,0.0,757.780283204,0,0,0,1,0,1,0,0,0,0,0,0,1,0,0,0,0,0,1,0,1,0,0,0,0,1,0
3149,3.86143710629,34.0,2237.40362087,2250,0.0,4.45675812368,2.0,790.0,0,0,0,0,0,1,0,0,0,0,0,0,1,0,0,0,0,1,0,0,0,1,0,0,0,1,0
3150,3.86143710629,33.3991698374,2240.0,2240,0.0,4.45675812368,2.0,735.0,0,0,0,0,0,1,0,0,0,0,0,0,1,0,0,0,0,0,1,0,0,1,0,0,0,1,0
3151,3.88,33.3991698374,2220.0,2220,6.0,4.5,3.0,780.0,0,0,0,1,0,0,0,0,0,0,0,0,1,0,0,0,0,0,1,0,0,0,0,0,0,1,0
3152,3.86143710629,34.0,2237.40362087,2250,0.0,4.45675812368,3.0,773.333333333,0,0,0,0,0,1,0,0,0,0,0,0,1,0,0,0,0,1,0,0,1,0,0,0,0,1,0
3153,3.86143710629,35.0,2390.0,2390,0.0,4.45675812368,4.0,792.5,0,0,0,1,0,1,0,0,0,0,0,0,1,0,0,0,0,0,1,0,0,0,0,1,0,1,0
3157,3.86143710629,30.0,1950.0,2000,0.0,4.45675812368,5.0,684.0,0,1,0,1,1,0,0,0,0,0,0,0,1,0,0,0,0,1,0,0,1,0,0,0,0,1,0
3158,4.0,32.0,2140.0,2140,6.0,4.5,2.0,770.0,1,1,3,1,0,1,0,0,0,0,0,0,1,0,0,0,0,0,1,0,0,0,1,0,0,1,0
3159,3.86143710629,33.3991698374,2390.0,2390,0.0,4.45675812368,2.0,800.0,0,0,0,1,0,1,0,0,0,0,0,0,1,0,0,0,0,0,1,0,1,0,0,0,0,1,0
3160,3.86143710629,27.0,1890.0,1890,0.0,4.45675812368,1.0,640.0,0,1,0,1,1,0,0,0,0,0,0,0,1,0,0,0,0,0,1,0,1,0,0,0,0,1,0
3162,3.86143710629,33.0,2237.40362087,2180,0.0,4.45675812368,0.0,757.780283204,0,0,0,1,1,0,0,0,0,0,0,0,1,0,0,0,0,1,0,0,0,0,0,0,0,1,0
3163,3.83,35.0,2110.0,2330,3.0,4.66666666667,4.0,780.0,0,0,3,0,0,1,0,0,0,0,0,0,1,0,0,0,0,1,0,0,1,0,0,0,0,1,0
3164,3.1,22.0,1740.0,1740,4.0,2.0,3.0,550.0,0,0,0,1,0,0,0,0,0,0,0,0,1,0,0,0,0,0,1,0,0,0,0,0,0,1,0
3165,3.86143710629,32.0,2237.40362087,2120,0.0,4.45675812368,3.0,650.0,0,0,0,0,1,0,0,0,0,0,0,0,1,0,0,0,0,1,0,0,0,1,0,0,0,1,0
3168,3.96,35.0,2330.0,2330,4.0,4.45675812368,2.0,790.0,0,0,2,1,0,1,0,0,0,0,0,0,1,0,0,0,0,1,0,0,1,0,0,0,0,1,0
3169,3.86143710629,36.0,2237.40362087,2390,0.0,4.45675812368,4.0,795.0,0,0,0,1,0,1,0,0,0,0,0,0,1,0,0,0,0,1,0,0,0,0,0,1,0,1,0
3170,3.6965,33.3991698374,2260.0,2260,1.0,4.0,4.0,780.0,0,0,3,0,0,1,0,0,0,0,0,0,1,0,0,0,0,0,1,0,0,1,0,0,0,1,0
3171,3.86143710629,31.0,2250.0,2250,0.0,4.45675812368,3.0,716.666666667,0,0,0,0,0,1,0,0,0,0,0,0,1,0,0,0,0,0,1,0,0,1,0,0,0,1,0
3172,3.9,33.3991698374,2350.0,2350,5.0,4.6,3.0,780.0,0,0,4,1,1,0,0,0,0,0,0,0,1,0,0,0,0,0,1,0,1,0,0,0,0,1,0
3173,4.0,36.0,2370.0,2390,0.0,4.45675812368,2.0,800.0,0,0,0,0,0,1,0,0,0,0,0,0,1,0,0,0,0,1,0,0,1,0,0,0,0,1,0
3174,3.86143710629,33.3991698374,1910.0,1910,0.0,4.45675812368,0.0,757.780283204,1,1,0,1,1,0,0,0,0,0,0,0,1,0,0,0,0,0,1,0,0,0,1,0,0,1,0
3175,3.96,33.0,2237.40362087,2180,7.0,4.71428571429,0.0,757.780283204,0,0,2,1,1,0,0,0,0,0,0,0,1,0,0,0,0,1,0,0,0,1,0,0,0,1,0
3176,4.0,33.3991698374,2400.0,2400,1.0,5.0,1.0,800.0,0,0,0,1,0,1,0,0,0,0,0,0,1,0,0,0,0,0,1,0,1,0,0,0,0,1,0
3178,3.86143710629,28.0,2237.40362087,1880,0.0,4.45675812368,2.0,610.0,0,0,0,1,0,1,0,0,0,0,0,0,1,0,0,0,0,1,0,0,1,0,0,0,0,1,0
3179,3.97,33.3991698374,2250.0,2250,8.0,5.0,3.0,770.0,0,0,3,1,0,1,0,0,0,0,0,0,1,0,0,0,0,0,1,0,0,1,0,0,0,1,0
3180,3.86143710629,36.0,2380.0,2390,4.0,4.5,2.0,800.0,0,0,3,0,0,0,0,0,0,0,0,0,1,0,0,0,0,1,0,0,0,0,0,0,0,1,0
3181,3.95,33.3991698374,2240.0,2240,0.0,4.45675812368,2.0,800.0,0,0,0,0,0,1,0,0,0,0,0,0,1,0,0,0,0,0,1,0,1,0,0,0,0,1,0
3182,3.86143710629,35.0,2270.0,2330,0.0,4.45675812368,2.0,755.0,0,0,0,1,0,0,0,0,0,0,0,0,1,0,0,0,0,1,0,0,0,0,0,0,0,1,0
3184,3.91,33.0,2050.0,2180,4.0,4.5,0.0,757.780283204,0,0,0,0,0,1,0,0,0,0,0,0,1,0,0,0,0,1,0,0,1,0,0,0,0,1,0
3185,4.0,31.0,2130.0,2130,2.0,3.5,0.0,757.780283204,0,0,2,0,1,0,0,0,0,0,0,0,1,0,0,0,0,0,1,0,0,1,0,0,0,1,0
3188,3.86143710629,33.3991698374,1980.0,1980,0.0,4.45675812368,2.0,665.0,1,0,0,0,1,0,0,0,0,0,0,0,1,0,0,0,0,0,1,0,0,0,1,0,0,1,0
3191,3.86143710629,35.0,2237.40362087,2330,1.0,5.0,3.0,793.333333333,0,0,3,1,0,1,0,0,0,0,0,0,1,0,0,0,0,1,0,0,0,1,0,0,0,1,0
3192,3.86143710629,33.3991698374,2290.0,2290,0.0,4.45675812368,0.0,757.780283204,0,0,0,0,1,0,0,0,0,0,0,0,1,0,0,0,0,0,1,0,1,0,0,0,0,1,0
3193,3.86143710629,33.3991698374,2360.0,2360,0.0,4.45675812368,1.0,800.0,0,0,0,0,1,0,0,0,0,0,0,0,1,0,0,0,0,0,1,0,1,0,0,0,0,1,0
3195,3.86143710629,34.0,2237.40362087,2250,0.0,4.45675812368,3.0,743.333333333,0,0,0,0,0,1,0,0,0,0,0,0,1,0,0,0,0,1,0,0,0,1,0,0,0,1,0
3196,3.86143710629,33.3991698374,2310.0,2310,0.0,4.45675812368,2.0,755.0,0,0,0,1,1,0,0,0,0,0,0,0,1,0,0,0,0,0,1,0,1,0,0,0,0,1,0
3198,4.0,33.3991698374,2260.0,2260,3.0,5.0,2.0,770.0,0,0,2,0,1,0,0,0,0,0,0,0,1,0,0,0,0,0,1,0,1,0,0,0,0,1,0
3199,4.0,35.0,2237.40362087,2330,5.0,5.0,2.0,775.0,0,0,2,1,1,0,0,0,0,0,0,0,1,0,0,0,0,1,0,0,1,0,0,0,0,1,0
3201,3.86143710629,31.0,2237.40362087,2060,0.0,4.45675812368,0.0,757.780283204,0,0,0,1,1,0,0,0,0,0,0,0,1,0,0,0,0,1,0,0,0,1,0,0,0,1,0
3202,3.86143710629,34.0,2400.0,2400,0.0,4.45675812368,0.0,757.780283204,0,0,0,0,1,0,0,0,0,0,0,0,1,0,0,0,0,0,1,0,1,0,0,0,0,1,0
3203,3.86143710629,33.3991698374,2340.0,2340,0.0,4.45675812368,4.0,740.0,0,0,0,1,1,0,0,0,0,0,0,0,1,0,0,0,0,0,1,0,0,1,0,0,0,1,0
3204,3.86143710629,33.3991698374,2130.0,2130,0.0,4.45675812368,3.0,686.666666667,0,0,0,1,0,0,0,0,0,0,0,0,1,0,0,0,0,0,1,0,1,0,0,0,0,1,0
3206,3.86143710629,33.3991698374,2250.0,2250,0.0,4.45675812368,2.0,795.0,0,0,0,1,1,0,0,0,0,0,0,0,1,0,0,0,0,0,1,0,0,0,0,1,0,1,0
3207,3.83,33.0,2230.0,2230,3.0,5.0,2.0,775.0,0,0,2,1,1,0,0,0,0,0,0,0,1,0,0,0,0,0,1,0,0,1,0,0,0,1,0
3209,4.0,32.0,2237.40362087,2120,2.0,4.5,0.0,757.780283204,0,1,0,1,1,0,0,0,0,0,0,0,1,0,0,0,0,1,0,0,1,0,0,0,0,1,0
3210,3.99,34.0,2237.40362087,2250,4.0,4.75,3.0,783.333333333,0,0,2,0,1,0,0,0,0,0,0,0,1,0,0,0,0,1,0,0,0,1,0,0,0,1,0
3211,3.86143710629,33.3991698374,2150.0,2150,0.0,4.45675812368,2.0,740.0,0,0,0,0,0,1,0,0,0,0,0,0,1,0,0,0,0,0,1,0,0,0,0,1,0,1,0
3212,3.71,33.3991698374,2380.0,2380,1.0,5.0,2.0,790.0,0,0,2,1,0,1,0,0,0,0,0,0,1,0,0,0,0,0,1,0,0,0,0,1,0,1,0
3213,3.8,31.0,2237.40362087,2060,4.0,4.75,3.0,786.666666667,0,0,2,0,0,1,0,0,0,0,0,0,1,0,0,0,0,1,0,0,1,0,0,0,0,1,0
3214,3.86143710629,33.3991698374,2330.0,2330,0.0,4.45675812368,2.0,730.0,0,0,0,0,1,0,0,0,0,0,0,0,1,0,0,0,0,0,1,0,0,0,0,1,0,1,0
3215,3.86143710629,34.0,2237.40362087,2250,0.0,4.45675812368,3.0,753.333333333,0,0,0,1,1,0,0,0,0,0,0,0,1,0,0,0,0,1,0,0,0,1,0,0,0,1,0
3216,3.86143710629,33.3991698374,2250.0,2250,0.0,4.45675812368,3.0,783.333333333,0,0,0,1,1,0,0,0,0,0,0,0,1,0,0,0,0,0,1,0,1,0,0,0,0,1,0
3217,3.86143710629,33.3991698374,2370.0,2370,0.0,4.45675812368,3.0,776.666666667,0,0,0,1,0,1,0,0,0,0,0,0,1,0,0,0,0,0,1,0,1,0,0,0,0,1,0
3218,3.86143710629,33.3991698374,2220.0,2220,0.0,4.45675812368,4.0,752.5,0,0,0,1,0,0,0,0,0,0,0,0,1,0,0,0,0,0,1,0,0,0,0,0,0,1,0
3219,3.9,33.3991698374,2220.0,2220,2.0,5.0,4.0,717.5,0,0,2,1,0,1,0,0,0,0,0,0,1,0,0,0,0,0,1,0,0,0,0,1,0,1,0
3221,3.86143710629,33.3991698374,2220.0,2220,0.0,4.45675812368,4.0,752.5,0,1,0,1,0,1,0,0,0,0,0,0,1,0,0,0,0,0,1,0,1,0,0,0,0,1,0
3222,3.86143710629,31.0,2130.0,2130,0.0,4.45675812368,3.0,750.0,0,0,0,0,1,0,0,0,0,0,0,0,1,0,0,0,0,0,1,0,0,1,0,0,0,1,0
3224,3.86143710629,33.3991698374,2220.0,2220,0.0,4.45675812368,4.0,752.5,0,1,0,1,0,1,0,0,0,0,0,0,1,0,0,0,0,0,1,0,1,0,0,0,0,1,0
3225,3.86143710629,31.0,2130.0,2130,0.0,4.45675812368,3.0,750.0,0,0,0,0,1,0,0,0,0,0,0,0,1,0,0,0,0,0,1,0,0,1,0,0,0,1,0
3227,4.0,32.0,2140.0,2140,0.0,4.45675812368,2.0,685.0,0,0,1,0,1,0,0,0,0,0,0,0,1,0,0,0,0,0,1,0,0,1,0,0,0,1,0
3228,3.91,33.0,2250.0,2250,0.0,4.45675812368,3.0,660.0,0,0,1,0,0,1,0,0,0,0,0,0,1,0,0,0,0,0,1,0,0,1,0,0,0,1,0
3229,3.6,33.3991698374,2220.0,2220,3.0,4.66666666667,3.0,706.666666667,0,0,0,0,0,1,0,0,0,0,0,0,1,0,0,0,0,0,1,0,0,1,0,0,0,1,0
3230,3.86143710629,33.3991698374,2180.0,2180,0.0,4.45675812368,3.0,770.0,0,0,0,0,0,1,0,0,0,0,0,0,1,0,0,0,0,0,1,0,1,0,0,0,0,1,0
3231,3.86143710629,33.3991698374,2310.0,2310,1.0,5.0,3.0,786.666666667,0,0,0,1,0,1,0,0,0,0,0,0,1,0,0,0,0,0,1,0,1,0,0,0,0,1,0
3232,3.5,33.3991698374,2060.0,2060,2.0,4.5,2.0,765.0,0,0,1,0,1,0,0,0,0,0,0,0,1,0,0,0,0,0,1,0,1,0,0,0,0,1,0
3233,4.0,33.0,2237.40362087,2180,7.0,4.85714285714,3.0,800.0,0,0,1,0,0,1,0,0,0,0,0,0,1,0,0,0,0,1,0,0,1,0,0,0,0,1,0
3234,3.8,33.0,2130.0,2180,0.0,4.45675812368,2.0,760.0,0,0,0,1,1,0,0,0,0,0,0,0,1,0,0,0,0,1,0,0,0,1,0,0,0,1,0
3235,3.9,33.3991698374,2310.0,2310,5.0,4.8,3.0,786.666666667,0,0,3,0,0,1,0,0,0,0,0,0,1,0,0,0,0,0,1,0,1,0,0,0,0,1,0
3236,3.51,33.3991698374,1770.0,1770,2.0,4.0,2.0,725.0,0,0,0,0,0,1,0,0,0,0,0,0,1,0,0,0,0,0,1,0,0,1,0,0,0,1,0
3237,3.26,29.0,2150.0,2150,1.0,4.0,3.0,686.666666667,1,0,1,1,1,0,0,0,0,0,0,0,1,0,0,0,0,0,1,0,0,0,1,0,0,1,0
3238,4.0,33.3991698374,2250.0,2250,9.0,4.55555555556,2.0,750.0,0,1,0,1,0,1,0,0,0,0,0,0,1,0,0,0,0,0,1,0,0,1,0,0,0,1,0
3239,3.81,33.3991698374,2280.0,2280,5.0,4.2,3.0,786.666666667,0,0,0,0,0,1,0,0,0,0,0,0,1,0,0,0,0,0,1,0,0,0,0,1,0,1,0
3240,3.79,33.3991698374,2250.0,2250,5.0,4.6,2.0,765.0,0,1,1,0,0,1,0,0,0,0,0,0,1,0,0,0,0,0,1,0,1,0,0,0,0,1,0
3242,3.86143710629,32.0,2237.40362087,2120,0.0,4.45675812368,2.0,735.0,0,0,0,1,1,0,0,0,0,0,0,0,1,0,0,0,0,1,0,0,0,1,0,0,0,1,0
3243,3.99,33.3991698374,2250.0,2250,1.0,5.0,3.0,690.0,0,0,1,1,1,0,0,0,0,0,0,0,1,0,0,0,0,0,1,0,0,1,0,0,0,1,0
3245,3.9,33.3991698374,2280.0,2280,3.0,4.66666666667,3.0,740.0,0,0,1,0,0,1,0,0,0,0,0,0,1,0,0,0,0,0,1,0,1,0,0,0,0,1,0
3246,4.0,36.0,2237.40362087,2390,2.0,4.5,2.0,775.0,0,0,0,1,1,0,0,0,0,0,0,0,1,0,0,0,0,1,0,0,1,0,0,0,0,1,0
3247,4.0,33.3991698374,2220.0,2220,3.0,5.0,4.0,730.0,0,0,2,1,1,0,0,0,0,0,0,0,1,0,0,0,0,0,1,0,0,1,0,0,0,1,0
3248,4.0,32.0,2140.0,2140,3.0,4.66666666667,2.0,720.0,0,0,0,1,1,0,0,0,0,0,0,0,1,0,0,0,0,0,1,0,0,1,0,0,0,1,0
3249,3.75,33.3991698374,2120.0,2120,3.0,4.0,3.0,713.333333333,0,0,0,0,0,1,0,0,0,0,0,0,1,0,0,0,0,0,1,0,1,0,0,0,0,1,0
3250,4.0,33.3991698374,2310.0,2310,1.0,5.0,4.0,770.0,0,1,1,1,1,0,0,0,0,0,0,0,1,0,0,0,0,0,1,0,1,0,0,0,0,1,0
3251,3.98,34.0,2330.0,2330,2.0,4.5,3.0,786.666666667,0,0,3,1,0,1,0,0,0,0,0,0,1,0,0,0,0,0,1,0,0,1,0,0,0,1,0
3252,3.59,33.3991698374,2210.0,2210,3.0,4.33333333333,2.0,725.0,0,0,0,1,0,0,0,0,0,0,0,0,1,0,0,0,0,0,1,0,1,0,0,0,0,1,0
3253,3.7,31.0,2237.40362087,2060,4.0,4.25,2.0,710.0,1,0,2,1,1,0,0,0,0,0,0,0,1,0,0,0,0,1,0,1,0,0,0,0,0,1,0
3255,4.0,31.0,2200.0,2200,1.0,5.0,0.0,757.780283204,0,0,0,1,1,0,0,0,0,0,0,0,1,0,0,0,0,0,1,0,1,0,0,0,0,1,0
3256,3.98,33.3991698374,2220.0,2220,4.0,4.0,3.0,650.0,1,0,0,1,0,1,0,0,0,0,0,0,1,0,0,0,0,0,1,0,0,0,1,0,0,1,0
3257,3.83,33.3991698374,2120.0,2120,1.0,4.0,2.0,735.0,0,0,3,0,0,1,0,0,0,0,0,0,1,0,0,0,0,0,1,0,1,0,0,0,0,1,0
3258,3.685,33.3991698374,2170.0,2170,4.0,5.0,3.0,783.333333333,0,0,2,1,1,0,0,0,0,0,0,0,1,0,0,0,0,0,1,0,1,0,0,0,0,1,0
3260,3.95,33.3991698374,2380.0,2380,2.0,4.0,2.0,785.0,0,0,3,1,0,1,0,0,0,0,0,0,1,0,0,0,0,0,1,0,1,0,0,0,0,1,0
3261,4.0,33.3991698374,2340.0,2340,4.0,5.0,4.0,772.5,0,0,3,1,1,0,0,0,0,0,0,0,1,0,0,0,0,0,1,0,0,1,0,0,0,1,0
3263,3.85,33.3991698374,2210.0,2210,5.0,4.6,3.0,710.0,0,0,2,1,0,1,0,0,0,0,0,0,1,0,0,0,0,0,1,0,0,1,0,0,0,1,0
3264,4.0,34.0,2237.40362087,2250,5.0,5.0,3.0,790.0,0,0,1,1,1,0,0,0,0,0,0,0,1,0,0,0,0,1,0,0,1,0,0,0,0,1,0
3265,4.0,33.3991698374,2200.0,2200,0.0,4.45675812368,2.0,800.0,0,0,0,0,0,1,0,0,0,0,0,0,1,0,0,0,0,0,1,0,1,0,0,0,0,1,0
3266,3.8,32.0,2050.0,2120,1.0,5.0,5.0,636.0,0,0,0,0,0,1,0,0,0,0,0,0,1,0,0,0,0,1,0,0,0,1,0,0,0,1,0
3268,3.86143710629,33.3991698374,2260.0,2260,3.0,4.66666666667,2.0,750.0,0,0,0,1,1,0,0,0,0,0,0,0,1,0,0,0,0,0,1,0,1,0,0,0,0,1,0
3269,3.79,33.3991698374,2380.0,2380,3.0,4.33333333333,2.0,790.0,0,0,0,0,0,1,0,0,0,0,0,0,1,0,0,0,0,0,1,0,0,1,0,0,0,1,0
3270,3.93,33.3991698374,2260.0,2260,1.0,4.0,4.0,722.5,0,0,4,1,1,0,0,0,0,0,0,0,1,0,0,0,0,0,1,0,1,0,0,0,0,1,0
3271,3.68,32.0,2180.0,2180,0.0,4.45675812368,3.0,746.666666667,0,0,2,0,1,0,0,0,0,0,0,0,1,0,0,0,0,0,1,0,1,0,0,0,0,1,0
3272,3.97,35.0,2237.40362087,2330,2.0,4.5,3.0,753.333333333,0,0,1,1,0,1,0,0,0,0,0,0,1,0,0,0,0,1,0,0,0,1,0,0,0,1,0
3273,3.67,33.3991698374,2300.0,2300,1.0,5.0,4.0,750.0,0,0,2,1,1,0,0,0,0,0,0,0,1,0,0,0,0,0,1,0,1,0,0,0,0,1,0
3274,4.0,33.3991698374,2300.0,2300,6.0,4.83333333333,2.0,790.0,0,0,1,1,1,0,0,0,0,0,0,0,1,0,0,0,0,0,1,0,1,0,0,0,0,1,0
3275,3.38,33.3991698374,2220.0,2220,5.0,4.2,4.0,725.0,0,0,1,1,0,1,0,0,0,0,0,0,1,0,0,0,0,0,1,0,0,1,0,0,0,1,0
3276,4.0,35.0,2300.0,2330,2.0,4.0,5.0,780.0,0,0,1,1,0,1,0,0,0,0,0,0,1,0,0,0,0,1,0,0,1,0,0,0,0,1,0
3277,3.8,33.3991698374,2230.0,2230,1.0,5.0,2.0,780.0,0,0,0,1,0,1,0,0,0,0,0,0,1,0,0,0,0,0,1,0,0,1,0,0,0,1,0
3278,4.435,33.3991698374,2220.0,2220,0.0,4.45675812368,3.0,790.0,0,0,0,1,0,1,0,0,0,0,0,0,1,0,0,0,0,0,1,0,0,1,0,0,0,0,1
3279,4.0,27.0,2050.0,2050,3.0,2.33333333333,3.0,706.666666667,0,0,1,0,0,1,0,0,0,0,0,0,1,0,0,0,0,0,1,0,0,0,0,1,0,1,0
3280,4.0,33.3991698374,2330.0,2330,6.0,4.66666666667,3.0,730.0,0,0,1,1,1,0,0,0,0,0,0,0,1,0,0,0,0,0,1,0,0,1,0,0,0,1,0
3281,3.86143710629,33.3991698374,2280.0,2280,2.0,5.0,2.0,775.0,0,0,1,1,1,0,0,0,0,0,0,0,1,0,0,0,0,0,1,0,0,1,0,0,0,1,0
3282,3.84,33.3991698374,2220.0,2220,4.0,3.25,2.0,745.0,0,0,3,0,1,0,0,0,0,0,0,0,1,0,0,0,0,0,1,0,1,0,0,0,0,1,0
3283,3.198,31.0,2200.0,2200,3.0,4.0,2.0,745.0,0,0,1,1,1,0,0,0,0,0,0,0,1,0,0,0,0,0,1,0,0,1,0,0,0,1,0
3284,3.85,33.3991698374,2300.0,2300,0.0,4.45675812368,4.0,707.5,0,0,0,1,0,1,0,0,0,0,0,0,1,0,0,0,0,0,1,0,0,1,0,0,0,1,0
3285,3.9,33.3991698374,2220.0,2220,11.0,4.09090909091,2.0,775.0,0,1,2,1,0,1,0,0,0,0,0,0,1,0,0,0,0,0,1,0,1,0,0,0,0,1,0
3286,3.94,33.3991698374,2340.0,2340,0.0,4.45675812368,3.0,773.333333333,0,0,0,1,0,1,0,0,0,0,0,0,1,0,0,0,0,0,1,0,0,0,0,0,0,1,0
3287,3.85,34.0,2140.0,2250,2.0,5.0,3.0,770.0,0,0,2,0,0,1,0,0,0,0,0,0,1,0,0,0,0,1,0,0,1,0,0,0,0,1,0
3288,3.7,34.0,2280.0,2280,3.0,4.33333333333,3.0,703.333333333,0,0,0,0,1,0,0,0,0,0,0,0,1,0,0,0,0,0,1,0,1,0,0,0,0,1,0
3289,4.0,33.0,2237.40362087,2180,2.0,4.5,3.0,680.0,0,0,1,1,1,0,0,0,0,0,0,0,1,0,0,0,0,1,0,0,0,1,0,0,0,1,0
3290,4.0,31.0,2237.40362087,2060,1.0,4.0,0.0,757.780283204,1,0,1,1,0,1,0,0,0,0,0,0,1,0,0,0,0,1,0,1,0,0,0,0,0,1,0
3291,3.15,33.3991698374,2050.0,2050,4.0,4.25,3.0,706.666666667,0,0,4,0,1,0,0,0,0,0,0,0,1,0,0,0,0,0,1,0,0,1,0,0,0,1,0
3292,3.81,32.0,2237.40362087,2120,4.0,3.5,2.0,725.0,0,0,2,0,1,0,0,0,0,0,0,0,1,0,0,0,0,1,0,0,1,0,0,0,0,1,0
3293,4.0,33.3991698374,2190.0,2190,6.0,4.16666666667,3.0,733.333333333,0,0,1,1,1,0,0,0,0,0,0,0,1,0,0,0,0,0,1,0,0,1,0,0,0,1,0
3294,3.7,32.0,1850.0,2120,2.0,4.0,0.0,757.780283204,0,0,1,0,1,0,0,0,0,0,0,0,1,0,0,0,0,1,0,0,1,0,0,0,0,1,0
3295,3.4,33.3991698374,2200.0,2200,2.0,4.0,2.0,720.0,1,0,1,1,1,0,0,0,0,0,0,0,1,0,0,0,0,0,1,1,0,0,0,0,0,1,0
3297,3.2,33.3991698374,2310.0,2310,2.0,5.0,3.0,766.666666667,0,0,2,1,1,0,0,0,0,0,0,0,1,0,0,0,0,0,1,0,1,0,0,0,0,1,0
3298,3.891,33.3991698374,2260.0,2260,0.0,4.45675812368,4.0,732.5,0,0,2,1,1,0,0,0,0,0,0,0,1,0,0,0,0,0,1,0,1,0,0,0,0,1,0
3299,3.86143710629,32.0,2237.40362087,2120,0.0,4.45675812368,2.0,735.0,0,0,0,1,1,0,0,0,0,0,0,0,1,0,0,0,0,1,0,0,0,1,0,0,0,1,0
3301,3.9,33.3991698374,2230.0,2230,0.0,4.45675812368,2.0,800.0,0,0,0,1,0,1,0,0,0,0,0,0,1,0,0,0,0,0,1,0,0,1,0,0,0,0,1
3302,3.96,33.0,2150.0,2180,4.0,4.0,3.0,766.666666667,0,0,2,1,0,1,0,0,0,0,0,0,1,0,0,0,0,1,0,0,0,1,0,0,0,1,0
3304,3.85,33.3991698374,2230.0,2230,5.0,4.4,4.0,730.0,0,1,0,0,0,1,0,0,0,0,0,0,1,0,0,0,0,0,1,0,0,1,0,0,0,1,0
3305,3.83,33.3991698374,2300.0,2300,0.0,4.45675812368,0.0,757.780283204,0,0,0,1,0,1,0,0,0,0,0,0,1,0,0,0,0,0,1,0,0,0,0,1,0,1,0
3306,3.1,33.3991698374,2300.0,2300,0.0,4.45675812368,2.0,790.0,0,0,0,1,0,1,0,0,0,0,0,0,1,0,0,0,0,0,1,0,1,0,0,0,0,1,0
3307,3.071,33.3991698374,2160.0,2160,4.0,4.25,2.0,750.0,0,0,1,1,1,0,0,0,0,0,0,0,1,0,0,0,0,0,1,0,0,1,0,0,0,1,0
3308,3.97,29.0,2237.40362087,1940,3.0,3.66666666667,0.0,757.780283204,1,0,2,1,1,0,0,0,0,0,0,0,1,0,0,0,0,1,0,1,0,0,0,0,0,1,0
3309,4.0,33.3991698374,2320.0,2320,2.0,5.0,3.0,773.333333333,0,0,0,1,1,0,0,0,0,0,0,0,1,0,0,0,0,0,1,0,1,0,0,0,0,1,0
3310,3.38,33.3991698374,2140.0,2140,1.0,5.0,2.0,780.0,0,0,0,1,0,1,0,0,0,0,0,0,1,0,0,0,0,0,1,0,0,1,0,0,0,1,0
3311,3.86143710629,34.0,2237.40362087,2250,0.0,4.45675812368,0.0,757.780283204,1,0,0,0,0,1,0,0,0,0,0,0,1,0,0,0,0,1,0,0,0,0,1,0,0,1,0
3312,4.0,33.3991698374,2300.0,2300,4.0,5.0,3.0,770.0,0,0,2,1,1,0,0,0,0,0,0,0,1,0,0,0,0,0,1,0,1,0,0,0,0,1,0
3313,4.0,33.3991698374,2300.0,2300,0.0,4.45675812368,4.0,752.5,0,1,1,1,1,0,0,0,0,0,0,0,1,0,0,0,0,0,1,0,1,0,0,0,0,1,0
3315,3.7,29.0,2050.0,2050,2.0,4.0,2.0,615.0,1,0,1,1,1,0,0,0,0,0,0,0,1,0,0,0,0,0,1,1,0,0,0,0,0,1,0
3316,3.68,33.3991698374,2270.0,2270,2.0,5.0,3.0,746.666666667,0,0,1,0,1,0,0,0,0,0,0,0,1,0,0,0,0,0,1,0,0,1,0,0,0,1,0
3317,3.9,33.3991698374,2260.0,2260,5.0,5.0,3.0,786.666666667,0,0,3,1,0,1,0,0,0,0,0,0,1,0,0,0,0,0,1,0,0,0,0,1,0,1,0
3318,3.86143710629,33.3991698374,2000.0,2000,0.0,4.45675812368,0.0,757.780283204,1,0,0,0,1,0,0,0,0,0,0,0,1,0,0,0,0,0,1,1,0,0,0,0,0,1,0
3319,3.7,33.3991698374,1910.0,1910,0.0,4.45675812368,0.0,757.780283204,1,0,1,0,1,0,0,0,0,0,0,0,1,0,0,0,0,0,1,1,0,0,0,0,0,1,0
3320,4.0,33.3991698374,2290.0,2290,4.0,5.0,2.0,780.0,0,0,1,0,1,0,0,0,0,0,0,0,1,0,0,0,0,0,1,0,0,1,0,0,0,1,0
3321,3.86143710629,33.3991698374,2080.0,2080,0.0,4.45675812368,0.0,757.780283204,0,0,0,0,1,0,0,0,0,0,0,0,1,0,0,0,0,0,1,0,0,1,0,0,0,1,0
3322,3.95,32.0,2100.0,2120,3.0,5.0,2.0,645.0,0,1,1,1,0,1,0,0,0,0,0,0,1,0,0,0,0,1,0,0,0,1,0,0,0,1,0
3323,3.96,35.0,2230.0,2330,7.0,4.85714285714,3.0,756.666666667,0,0,2,0,0,1,0,0,0,0,0,0,1,0,0,0,0,1,0,0,0,0,0,1,0,1,0
3324,4.0,35.0,2320.0,2330,8.0,4.875,6.0,773.333333333,0,0,3,0,1,0,0,0,0,0,0,0,1,0,0,0,0,1,0,0,1,0,0,0,0,1,0
3325,3.99,33.3991698374,2210.0,2210,2.0,5.0,1.0,800.0,0,0,2,1,0,1,0,0,0,0,0,0,1,0,0,0,0,0,1,0,0,1,0,0,0,1,0
3326,3.7,34.0,2237.40362087,2250,8.0,4.25,2.0,755.0,0,1,3,0,0,1,0,0,0,0,0,0,1,0,0,0,0,1,0,0,0,1,0,0,0,1,0
3327,3.725,33.3991698374,2340.0,2340,0.0,4.45675812368,2.0,780.0,0,0,1,1,0,1,0,0,0,0,0,0,1,0,0,0,0,0,1,0,0,0,0,0,0,1,0
3328,3.96,32.0,2200.0,2200,10.0,3.2,3.0,623.333333333,0,0,0,0,1,0,0,0,0,0,0,0,1,0,0,0,0,0,1,0,1,0,0,0,0,1,0
3329,4.0,33.3991698374,2300.0,2300,2.0,4.5,3.0,723.333333333,1,0,1,1,1,0,0,0,0,0,0,0,1,0,0,0,0,0,1,1,0,0,0,0,0,1,0
3330,4.0,36.0,2350.0,2390,13.0,5.0,8.0,778.75,0,1,4,1,0,1,0,0,0,0,0,0,1,0,0,0,0,1,0,0,0,1,0,0,0,1,0
3331,3.92,33.3991698374,2300.0,2300,4.0,5.0,3.0,776.666666667,0,0,0,1,1,0,0,0,0,0,0,0,1,0,0,0,0,0,1,0,0,1,0,0,0,1,0
3332,3.9,33.3991698374,2320.0,2320,0.0,4.45675812368,4.0,757.780283204,0,0,1,0,0,1,0,0,0,0,0,0,1,0,0,0,0,0,1,0,1,0,0,0,0,1,0
3333,3.99,34.0,2240.0,2250,4.0,5.0,2.0,760.0,0,0,1,1,0,1,0,0,0,0,0,0,1,0,0,0,0,1,0,0,0,1,0,0,0,1,0
3334,3.93,33.3991698374,2350.0,2350,4.0,4.75,3.0,770.0,0,0,3,1,0,1,0,0,0,0,0,0,1,0,0,0,0,0,1,0,0,1,0,0,0,1,0
3337,4.0,34.0,2300.0,2300,5.0,5.0,3.0,743.333333333,0,0,1,0,1,0,0,0,0,0,0,0,1,0,0,0,0,0,1,0,0,1,0,0,0,1,0
3338,4.0,34.0,2240.0,2250,8.0,5.0,3.0,783.333333333,0,0,2,1,0,1,0,0,0,0,0,0,1,0,0,0,0,1,0,0,0,1,0,0,0,1,0
3339,3.9,33.3991698374,2170.0,2170,4.0,4.75,2.0,775.0,0,1,3,0,0,1,0,0,0,0,0,0,1,0,0,0,0,0,1,0,1,0,0,0,0,1,0
3340,4.0,33.3991698374,2070.0,2070,2.0,3.5,1.0,600.0,0,0,1,0,0,1,0,0,0,0,0,0,1,0,0,0,0,0,1,0,0,1,0,0,0,1,0
3342,3.9,33.3991698374,2370.0,2370,5.0,4.8,4.0,777.5,0,0,1,1,0,1,0,0,0,0,0,0,1,0,0,0,0,0,1,0,1,0,0,0,0,1,0
3343,4.0,33.3991698374,2380.0,2380,3.0,5.0,1.0,800.0,0,0,2,0,0,1,0,0,0,0,0,0,1,0,0,0,0,0,1,0,0,1,0,0,0,1,0
3344,3.8,33.3991698374,2320.0,2320,4.0,3.75,3.0,733.333333333,1,0,0,0,0,1,0,0,0,0,0,0,1,0,0,0,0,0,1,0,0,0,1,0,0,1,0
3345,3.9,36.0,2360.0,2390,2.0,4.5,2.0,795.0,0,0,5,0,1,0,0,0,0,0,0,0,1,0,0,0,0,1,0,0,1,0,0,0,0,1,0
3346,3.8,30.0,2110.0,2110,5.0,4.2,2.0,735.0,0,0,1,1,0,1,0,0,0,0,0,0,1,0,0,0,0,0,1,0,1,0,0,0,0,1,0
3347,3.98,34.0,2290.0,2290,0.0,4.45675812368,3.0,743.333333333,0,0,4,1,0,1,0,0,0,0,0,0,1,0,0,0,0,0,1,0,0,1,0,0,0,1,0
3348,3.8,33.3991698374,2390.0,2390,1.0,5.0,2.0,765.0,0,0,2,1,1,0,0,0,0,0,0,0,1,0,0,0,0,0,1,0,1,0,0,0,0,1,0
3349,4.0,33.3991698374,2270.0,2270,5.0,4.2,2.0,730.0,0,0,3,1,1,0,0,0,0,0,0,0,1,0,0,0,0,0,1,0,1,0,0,0,0,1,0
3350,4.0,31.0,2160.0,2160,0.0,4.45675812368,3.0,666.666666667,0,0,1,1,1,0,0,0,0,0,0,0,1,0,0,0,0,0,1,0,0,1,0,0,0,1,0
3351,3.99,33.3991698374,2380.0,2380,8.0,4.75,3.0,796.666666667,0,0,4,1,0,1,0,0,0,0,0,0,1,0,0,0,0,0,1,0,1,0,0,0,0,1,0
3352,4.0,33.3991698374,2400.0,2400,6.0,4.45675812368,2.0,755.0,0,0,2,1,1,0,0,0,0,0,0,0,1,0,0,0,0,0,1,0,0,1,0,0,0,1,0
3353,4.0,33.0,2260.0,2260,2.0,4.5,1.0,650.0,0,0,1,1,1,0,0,0,0,0,0,0,1,0,0,0,0,0,1,0,0,1,0,0,0,1,0
3354,3.98,33.3991698374,2040.0,2040,7.0,4.14285714286,3.0,743.333333333,0,0,4,1,1,0,0,0,0,0,0,0,1,0,0,0,0,0,1,0,1,0,0,0,0,1,0
3355,3.98,33.3991698374,2340.0,2340,6.0,4.83333333333,5.0,786.0,0,0,1,0,1,0,0,0,0,0,0,0,1,0,0,0,0,0,1,0,0,1,0,0,0,1,0
3356,4.0,33.0,2320.0,2320,6.0,4.33333333333,3.0,746.666666667,0,0,1,0,1,0,0,0,0,0,0,0,1,0,0,0,0,0,1,0,1,0,0,0,0,1,0
3358,4.0,33.3991698374,2340.0,2340,1.0,5.0,2.0,800.0,0,0,4,1,0,1,0,0,0,0,0,0,1,0,0,0,0,0,1,0,0,0,0,0,0,1,0
3359,3.96,33.0,2200.0,2200,1.0,5.0,0.0,757.780283204,0,0,4,1,0,1,0,0,0,0,0,0,1,0,0,0,0,0,1,0,0,1,0,0,0,1,0
3361,4.0,33.3991698374,2400.0,2400,5.0,4.6,3.0,800.0,0,0,2,1,0,1,0,0,0,0,0,0,1,0,0,0,0,0,1,0,1,0,0,0,0,1,0
3362,3.86143710629,33.3991698374,2340.0,2340,1.0,5.0,2.0,800.0,0,0,1,0,0,1,0,0,0,0,0,0,1,0,0,0,0,0,1,0,0,1,0,0,0,1,0
3363,3.97,31.0,2240.0,2240,5.0,4.4,3.0,726.666666667,0,0,2,0,0,1,0,0,0,0,0,0,1,0,0,0,0,0,1,0,0,1,0,0,0,1,0
3364,3.98,33.3991698374,2320.0,2320,1.0,5.0,2.0,800.0,0,0,1,1,0,1,0,0,0,0,0,0,1,0,0,0,0,0,1,0,1,0,0,0,0,1,0
3365,3.49,32.0,2237.40362087,2120,6.0,4.16666666667,3.0,683.333333333,1,1,1,1,1,0,0,0,0,0,0,0,1,0,0,0,0,1,0,0,0,0,1,0,0,1,0
3366,4.0,33.3991698374,2350.0,2350,0.0,4.45675812368,2.0,795.0,0,0,2,0,0,1,0,0,0,0,0,0,1,0,0,0,0,0,1,0,0,0,0,1,0,1,0
3367,3.8,34.0,1990.0,2250,2.0,4.0,2.0,685.0,1,0,1,1,0,1,0,0,0,0,0,0,1,0,0,0,0,1,0,1,0,0,0,0,0,1,0
3368,4.0,34.0,2140.0,2250,6.0,5.0,3.0,746.666666667,0,0,2,1,1,0,0,0,0,0,0,0,1,0,0,0,0,1,0,0,1,0,0,0,0,1,0
3369,3.8,33.3991698374,2380.0,2380,3.0,4.33333333333,2.0,790.0,0,0,2,0,0,1,0,0,0,0,0,0,1,0,0,0,0,0,1,0,0,1,0,0,0,1,0
3370,3.7,31.0,2080.0,2080,1.0,5.0,2.0,710.0,1,0,4,1,1,0,0,0,0,0,0,0,1,0,0,0,0,0,1,1,0,0,0,0,0,1,0
3371,3.93,33.3991698374,2230.0,2230,2.0,4.5,5.0,746.0,0,0,3,0,0,1,0,0,0,0,0,0,1,0,0,0,0,0,1,0,1,0,0,0,0,1,0
3372,3.86143710629,34.0,2237.40362087,2250,0.0,4.45675812368,2.0,790.0,0,0,2,0,0,1,0,0,0,0,0,0,1,0,0,0,0,1,0,0,1,0,0,0,0,1,0
3373,4.0,33.3991698374,2370.0,2370,4.0,4.75,3.0,760.0,0,0,5,1,0,1,0,0,0,0,0,0,1,0,0,0,0,0,1,0,1,0,0,0,0,1,0
3374,4.0,33.0,2160.0,2180,5.0,4.6,5.0,730.0,0,0,1,1,1,0,0,0,0,0,0,0,1,0,0,0,0,1,0,0,0,1,0,0,0,1,0
3375,4.0,32.0,2237.40362087,2120,6.0,4.0,3.0,660.0,0,0,2,1,1,0,0,0,0,0,0,0,1,0,0,0,0,1,0,0,0,1,0,0,0,1,0
3376,4.0,35.0,2220.0,2330,1.0,5.0,3.0,796.666666667,0,0,1,1,0,1,0,0,0,0,0,0,1,0,0,0,0,1,0,0,0,1,0,0,0,1,0
3377,3.6,34.0,2160.0,2250,6.0,4.16666666667,4.0,675.0,1,1,2,1,0,1,0,0,0,0,0,0,1,0,0,0,0,1,0,0,0,1,0,0,0,1,0
3378,3.86143710629,33.3991698374,2330.0,2330,1.0,5.0,2.0,765.0,0,0,1,1,1,0,0,0,0,0,0,0,1,0,0,0,0,0,1,0,1,0,0,0,0,1,0
3380,3.75,33.3991698374,2200.0,2200,4.0,4.75,3.0,746.666666667,0,1,1,1,1,0,0,0,0,0,0,0,1,0,0,0,0,0,1,0,1,0,0,0,0,1,0
3381,4.0,33.3991698374,2260.0,2260,7.0,4.85714285714,3.0,760.0,0,0,4,1,1,0,0,0,0,0,0,0,1,0,0,0,0,0,1,0,0,1,0,0,0,1,0
3382,3.6,35.0,2120.0,2330,14.0,4.71428571429,4.0,757.5,0,0,3,1,0,1,0,0,0,0,0,0,1,0,0,0,0,1,0,0,1,0,0,0,0,1,0
3383,3.95,33.3991698374,2180.0,2180,0.0,4.45675812368,2.0,660.0,0,0,0,1,0,1,0,0,0,0,0,0,1,0,0,0,0,0,1,0,1,0,0,0,0,1,0
3385,3.28,33.3991698374,2240.0,2240,5.0,5.0,3.0,780.0,0,0,3,0,0,1,0,0,0,0,0,0,1,0,0,0,0,0,1,0,0,1,0,0,0,1,0
3386,3.86143710629,34.0,2237.40362087,2250,0.0,4.45675812368,3.0,753.333333333,0,0,0,1,1,0,0,0,0,0,0,0,1,0,0,0,0,1,0,0,0,1,0,0,0,1,0
